,Trait,hgnc_gene_name,ensg_gene_name,databases/categories,source
1,hypertension,ADD1,ENSG00000087274,OMIM,MendelVar
2,hypertension,CYP3A5,ENSG00000106258,OMIM,MendelVar
3,hypertension,ECE1,ENSG00000117298,OMIM,MendelVar
4,hypertension,AGT,ENSG00000135744,OMIM,MendelVar
5,hypertension,AGT,ENSG00000135744,Orphanet,MendelVar
6,hypertension,AGTR1,ENSG00000144891,Genomics England;OMIM,MendelVar
7,hypertension,AGTR1,ENSG00000144891,Orphanet,MendelVar
8,hypertension,GNB3,ENSG00000111664,OMIM,MendelVar
9,hypertension,NOS3,ENSG00000164867,OMIM,MendelVar
10,hypertension,PNMT,ENSG00000141744,Orphanet,MendelVar
11,hypertension,PTGIS,ENSG00000124212,OMIM,MendelVar
12,hypertension,PTGIS,ENSG00000124212,Orphanet,MendelVar
13,Hypercholesterolemia,PPP1R17,ENSG00000106341,OMIM,MendelVar
14,Hypercholesterolemia,PCSK9,ENSG00000169174,Orphanet,MendelVar
15,Hypercholesterolemia,STAP1,ENSG00000035720,Orphanet,MendelVar
16,Hypercholesterolemia,EPHX2,ENSG00000120915,OMIM,MendelVar
17,Hypercholesterolemia,GHR,ENSG00000112964,Genomics England;OMIM,MendelVar
18,Hypercholesterolemia,APOA2,ENSG00000158874,OMIM,MendelVar
19,Hypercholesterolemia,APOB,ENSG00000084674,Orphanet,MendelVar
20,Hypercholesterolemia,APOE,ENSG00000130203,Orphanet,MendelVar
21,Hypercholesterolemia,LDLR,ENSG00000130164,Genomics England;OMIM,MendelVar
22,Hypercholesterolemia,LDLR,ENSG00000130164,Orphanet,MendelVar
23,Hypercholesterolemia,LIPA,ENSG00000107798,Orphanet,MendelVar
24,Hypercholesterolemia,ABCG5,ENSG00000138075,Orphanet,MendelVar
25,Hypercholesterolemia,ABCG8,ENSG00000143921,Orphanet,MendelVar
26,Hypercholesterolemia,LDLRAP1,ENSG00000157978,Orphanet,MendelVar
27,Hypercholesterolemia,LDLRAP1,ENSG00000157978,Genomics England;OMIM,MendelVar
28,Cataract,SLC16A12,ENSG00000152779,Genomics England;OMIM;Orphanet,MendelVar
29,Cataract,DNMBP,ENSG00000107554,Genomics England;OMIM,MendelVar
30,Cataract,EPHA2,ENSG00000142627,Decipher;Genomics England;OMIM,MendelVar
31,Cataract,FOXE3,ENSG00000186790,Genomics England;OMIM,MendelVar
32,Cataract,GJA8,ENSG00000121634,Decipher;Genomics England;OMIM,MendelVar
33,Cataract,CRYGD,ENSG00000118231,Orphanet,MendelVar
34,Cataract,CRYGD,ENSG00000118231,Decipher;Genomics England;OMIM,MendelVar
35,Cataract,CRYBB2,ENSG00000244752,Decipher;Genomics England,MendelVar
36,Cataract,CRYGC,ENSG00000163254,Decipher;Genomics England;OMIM,MendelVar
37,Cataract,CRYGB,ENSG00000182187,OMIM,MendelVar
38,Cataract,CRYBA2,ENSG00000163499,Decipher;OMIM,MendelVar
39,Cataract,FYCO1,ENSG00000163820,Decipher;Genomics England;OMIM,MendelVar
40,Cataract,BFSP2,ENSG00000170819,Decipher;Genomics England;OMIM,MendelVar
41,Cataract,CRYGS,ENSG00000213139,Decipher;Genomics England;OMIM,MendelVar
42,Cataract,WFS1,ENSG00000109501,Decipher;Genomics England;OMIM,MendelVar
43,Cataract,GCNT2,ENSG00000111846,Decipher;OMIM,MendelVar
44,Cataract,LEMD2,ENSG00000161904,Decipher;OMIM,MendelVar
45,Cataract,AGK,ENSG00000006530,Genomics England;OMIM,MendelVar
46,Cataract,TDRD7,ENSG00000196116,Decipher;Genomics England;OMIM,MendelVar
47,Cataract,BFSP2,ENSG00000170819,Orphanet,MendelVar
48,Cataract,VIM,ENSG00000026025,OMIM;Orphanet,MendelVar
49,Cataract,CRYBB1,ENSG00000100122,Orphanet,MendelVar
50,Cataract,CRYBB2,ENSG00000244752,Orphanet,MendelVar
51,Cataract,CRYGC,ENSG00000163254,Orphanet,MendelVar
52,Cataract,GJA3,ENSG00000121743,Orphanet,MendelVar
53,Cataract,GJA8,ENSG00000121634,Orphanet,MendelVar
54,Cataract,MAF,ENSG00000178573,Orphanet,MendelVar
55,Cataract,PITX3,ENSG00000107859,Decipher;Genomics England;OMIM,MendelVar
56,Cataract,CHMP4B,ENSG00000101421,Orphanet,MendelVar
57,Cataract,PANK4,ENSG00000157881,Orphanet,MendelVar
58,Cataract,CRYAA,ENSG00000160202,Orphanet,MendelVar
59,Cataract,CRYAB,ENSG00000109846,Decipher;Genomics England;OMIM;Orphanet,MendelVar
60,Cataract,CRYBA1,ENSG00000108255,Orphanet,MendelVar
61,Cataract,CRYBA4,ENSG00000196431,Orphanet,MendelVar
62,Cataract,CRYGB,ENSG00000182187,Orphanet,MendelVar
63,Cataract,CRYGS,ENSG00000213139,Orphanet,MendelVar
64,Cataract,EPHA2,ENSG00000142627,Orphanet,MendelVar
65,Cataract,HSF4,ENSG00000102878,Orphanet,MendelVar
66,Cataract,MIP,ENSG00000135517,Orphanet,MendelVar
67,Cataract,PITX3,ENSG00000107859,Orphanet,MendelVar
68,Cataract,MIP,ENSG00000135517,Decipher;OMIM,MendelVar
69,Cataract,GJA3,ENSG00000121743,Decipher;Genomics England;OMIM,MendelVar
70,Cataract,HSF4,ENSG00000102878,Decipher;Genomics England;OMIM,MendelVar
71,Cataract,MAF,ENSG00000178573,Decipher;Genomics England;OMIM,MendelVar
72,Cataract,CRYBA2,ENSG00000163499,Orphanet,MendelVar
73,Cataract,CRYBB3,ENSG00000100053,Orphanet,MendelVar
74,Cataract,CRYBA1,ENSG00000108255,Decipher;Genomics England;OMIM,MendelVar
75,Cataract,UNC45B,ENSG00000141161,Decipher;OMIM,MendelVar
76,Cataract,BFSP1,ENSG00000125864,Orphanet,MendelVar
77,Cataract,WFS1,ENSG00000109501,Orphanet,MendelVar
78,Cataract,UNC45B,ENSG00000141161,Orphanet,MendelVar
79,Cataract,FYCO1,ENSG00000163820,Orphanet,MendelVar
80,Cataract,CRYAB,ENSG00000109846,Orphanet,MendelVar
81,Cataract,NHS,ENSG00000188158,Orphanet,MendelVar
82,Cataract,SIPA1L3,ENSG00000105738,Decipher;OMIM,MendelVar
83,Cataract,LIM2,ENSG00000105370,Decipher;Genomics England;OMIM,MendelVar
84,Cataract,BFSP1,ENSG00000125864,Decipher;Genomics England;OMIM,MendelVar
85,Cataract,CHMP4B,ENSG00000101421,Decipher;Genomics England;OMIM,MendelVar
86,Cataract,CRYAA,ENSG00000160202,Decipher;Genomics England;OMIM,MendelVar
87,Cataract,CRYGC,ENSG00000163254,Decipher,MendelVar
88,Cataract,CRYGD,ENSG00000118231,Genomics England,MendelVar
89,Cataract,LSS,ENSG00000160285,Decipher;Genomics England;OMIM,MendelVar
90,Cataract,CRYBB3,ENSG00000100053,Decipher;Genomics England;OMIM,MendelVar
91,Cataract,CRYBB1,ENSG00000100122,Decipher;Genomics England;OMIM,MendelVar
92,Cataract,CRYBA4,ENSG00000196431,Decipher;Genomics England;OMIM,MendelVar
93,Cataract,NHS,ENSG00000188158,Genomics England;OMIM,MendelVar
94,t2d,SLC2A2,ENSG00000163581,OMIM,MendelVar
95,t2d,HNF1A,ENSG00000135100,Genomics England;OMIM,MendelVar
96,t2d,HNF1B,ENSG00000275410,Genomics England;OMIM,MendelVar
97,t2d,TCF7L2,ENSG00000148737,OMIM,MendelVar
98,t2d,WFS1,ENSG00000109501,Genomics England;OMIM,MendelVar
99,t2d,CAPN10,ENSG00000142330,OMIM,MendelVar
100,t2d,SLC30A8,ENSG00000164756,OMIM,MendelVar
101,t2d,RETN,ENSG00000104918,OMIM,MendelVar
102,t2d,IGF2BP2,ENSG00000073792,OMIM,MendelVar
103,t2d,ENPP1,ENSG00000197594,OMIM,MendelVar
104,t2d,AKT2,ENSG00000105221,Genomics England;OMIM,MendelVar
105,t2d,GCK,ENSG00000106633,Genomics England;OMIM,MendelVar
106,t2d,GPD2,ENSG00000115159,OMIM,MendelVar
107,t2d,HMGA1,ENSG00000137309,OMIM,MendelVar
108,t2d,HNF4A,ENSG00000101076,Genomics England;OMIM,MendelVar
109,t2d,ABCC8,ENSG00000006071,Genomics England;OMIM,MendelVar
110,t2d,IL6,ENSG00000136244,OMIM,MendelVar
111,t2d,PDX1,ENSG00000139515,OMIM,MendelVar
112,t2d,IRS1,ENSG00000169047,OMIM,MendelVar
113,t2d,IRS2,ENSG00000185950,OMIM,MendelVar
114,t2d,KCNJ11,ENSG00000187486,Genomics England;OMIM,MendelVar
115,t2d,LIPC,ENSG00000166035,Genomics England;OMIM,MendelVar
116,t2d,MAPK8IP1,ENSG00000121653,OMIM,MendelVar
117,t2d,MTNR1B,ENSG00000134640,OMIM,MendelVar
118,t2d,NEUROD1,ENSG00000162992,Genomics England;OMIM,MendelVar
119,t2d,PAX4,ENSG00000106331,OMIM,MendelVar
120,t2d,PPARG,ENSG00000132170,Genomics England;OMIM,MendelVar
121,t2d,PPP1R3A,ENSG00000154415,OMIM,MendelVar
122,t2d,PTPN1,ENSG00000196396,OMIM,MendelVar
123,BMI,SDC3,ENSG00000162512,OMIM,MendelVar
124,BMI,SIM1,ENSG00000112246,Genomics England,MendelVar
125,BMI,UCP3,ENSG00000175564,OMIM,MendelVar
126,BMI,ARL6,ENSG00000113966,Genomics England,MendelVar
127,BMI,PHIP,ENSG00000146247,Genomics England,MendelVar
128,BMI,GHRL,ENSG00000157017,OMIM,MendelVar
129,BMI,BBS7,ENSG00000138686,Genomics England,MendelVar
130,BMI,TTC8,ENSG00000165533,Genomics England,MendelVar
131,BMI,VPS13B,ENSG00000132549,Genomics England,MendelVar
132,BMI,CARTPT,ENSG00000164326,OMIM,MendelVar
133,BMI,HEATR3,ENSG00000155393,Genomics England,MendelVar
134,BMI,BBS10,ENSG00000179941,Genomics England,MendelVar
135,BMI,BBS12,ENSG00000181004,Genomics England,MendelVar
136,BMI,ADRB2,ENSG00000169252,OMIM,MendelVar
137,BMI,ADRB3,ENSG00000188778,OMIM,MendelVar
138,BMI,BBS9,ENSG00000122507,Genomics England,MendelVar
139,BMI,SH2B1,ENSG00000178188,Genomics England,MendelVar
140,BMI,AGRP,ENSG00000159723,OMIM,MendelVar
141,BMI,ENPP1,ENSG00000197594,OMIM,MendelVar
142,BMI,MKKS,ENSG00000125863,Genomics England,MendelVar
143,BMI,MKS1,ENSG00000011143,Genomics England,MendelVar
144,BMI,MYT1L,ENSG00000186487,Genomics England,MendelVar
145,BMI,NR0B2,ENSG00000131910,OMIM,MendelVar
146,BMI,POMC,ENSG00000115138,Genomics England;OMIM;Orphanet,MendelVar
147,BMI,PPARG,ENSG00000132170,Genomics England;OMIM,MendelVar
148,BMI,BBS2,ENSG00000125124,Genomics England,MendelVar
149,BMI,BBS4,ENSG00000140463,Genomics England,MendelVar
150,BMI,BBS5,ENSG00000163093,Genomics England,MendelVar
151,BMI,DYRK1B,ENSG00000105204,Genomics England;OMIM,MendelVar
152,BMI,CELA2A,ENSG00000142615,OMIM,MendelVar
153,BMI,MTTP,ENSG00000138823,OMIM,MendelVar
154,WHR,SDC3,ENSG00000162512,OMIM,MendelVar
155,WHR,SIM1,ENSG00000112246,Genomics England,MendelVar
156,WHR,UCP3,ENSG00000175564,OMIM,MendelVar
157,WHR,ARL6,ENSG00000113966,Genomics England,MendelVar
158,WHR,PHIP,ENSG00000146247,Genomics England,MendelVar
159,WHR,GHRL,ENSG00000157017,OMIM,MendelVar
160,WHR,BBS7,ENSG00000138686,Genomics England,MendelVar
161,WHR,TTC8,ENSG00000165533,Genomics England,MendelVar
162,WHR,VPS13B,ENSG00000132549,Genomics England,MendelVar
163,WHR,CARTPT,ENSG00000164326,OMIM,MendelVar
164,WHR,HEATR3,ENSG00000155393,Genomics England,MendelVar
165,WHR,BBS10,ENSG00000179941,Genomics England,MendelVar
166,WHR,BBS12,ENSG00000181004,Genomics England,MendelVar
167,WHR,ADRB2,ENSG00000169252,OMIM,MendelVar
168,WHR,ADRB3,ENSG00000188778,OMIM,MendelVar
169,WHR,BBS9,ENSG00000122507,Genomics England,MendelVar
170,WHR,SH2B1,ENSG00000178188,Genomics England,MendelVar
171,WHR,AGRP,ENSG00000159723,OMIM,MendelVar
172,WHR,ENPP1,ENSG00000197594,OMIM,MendelVar
173,WHR,MKKS,ENSG00000125863,Genomics England,MendelVar
174,WHR,MKS1,ENSG00000011143,Genomics England,MendelVar
175,WHR,MYT1L,ENSG00000186487,Genomics England,MendelVar
176,WHR,NR0B2,ENSG00000131910,OMIM,MendelVar
177,WHR,POMC,ENSG00000115138,Genomics England;OMIM;Orphanet,MendelVar
178,WHR,PPARG,ENSG00000132170,Genomics England;OMIM,MendelVar
179,WHR,BBS2,ENSG00000125124,Genomics England,MendelVar
180,WHR,BBS4,ENSG00000140463,Genomics England,MendelVar
181,WHR,BBS5,ENSG00000163093,Genomics England,MendelVar
182,WHR,DYRK1B,ENSG00000105204,Genomics England;OMIM,MendelVar
183,WHR,CELA2A,ENSG00000142615,OMIM,MendelVar
184,WHR,MTTP,ENSG00000138823,OMIM,MendelVar
185,Major_depressive_disorder,TPH2,ENSG00000139287,OMIM,MendelVar
186,Major_depressive_disorder,FKBP5,ENSG00000096060,OMIM,MendelVar
187,Major_depressive_disorder,HTR2A,ENSG00000102468,OMIM,MendelVar
188,Atrial_fibrillation,SCN1B,ENSG00000105711,Orphanet,MendelVar
189,Atrial_fibrillation,SCN1B,ENSG00000105711,Genomics England;OMIM,MendelVar
190,Atrial_fibrillation,SCN2B,ENSG00000149575,Orphanet,MendelVar
191,Atrial_fibrillation,SCN2B,ENSG00000149575,OMIM,MendelVar
192,Atrial_fibrillation,SCN4B,ENSG00000177098,Orphanet,MendelVar
193,Atrial_fibrillation,SCN5A,ENSG00000183873,Orphanet,MendelVar
194,Atrial_fibrillation,SCN5A,ENSG00000183873,Genomics England;OMIM,MendelVar
195,Atrial_fibrillation,TTN,ENSG00000155657,Orphanet,MendelVar
196,Atrial_fibrillation,GATA5,ENSG00000130700,Orphanet,MendelVar
197,Atrial_fibrillation,SCN3B,ENSG00000166257,Orphanet,MendelVar
198,Atrial_fibrillation,NKX2-5,ENSG00000183072,Orphanet,MendelVar
199,Atrial_fibrillation,NKX2-6,ENSG00000180053,Orphanet,MendelVar
200,Atrial_fibrillation,GATA4,ENSG00000136574,Orphanet,MendelVar
201,Atrial_fibrillation,GATA6,ENSG00000141448,Orphanet,MendelVar
202,Atrial_fibrillation,GJA5,ENSG00000265107,Orphanet,MendelVar
203,Atrial_fibrillation,GJA5,ENSG00000265107,OMIM,MendelVar
204,Atrial_fibrillation,ABCC9,ENSG00000069431,Orphanet,MendelVar
205,Atrial_fibrillation,ABCC9,ENSG00000069431,Genomics England;OMIM,MendelVar
206,Atrial_fibrillation,KCNA5,ENSG00000130037,OMIM,MendelVar
207,Atrial_fibrillation,KCNA5,ENSG00000130037,Orphanet,MendelVar
208,Atrial_fibrillation,KCNE1,ENSG00000180509,Orphanet,MendelVar
209,Atrial_fibrillation,KCNE2,ENSG00000159197,Genomics England;OMIM,MendelVar
210,Atrial_fibrillation,KCNE2,ENSG00000159197,Orphanet,MendelVar
211,Atrial_fibrillation,KCNJ2,ENSG00000123700,Orphanet,MendelVar
212,Atrial_fibrillation,KCNJ2,ENSG00000123700,Genomics England;OMIM,MendelVar
213,Atrial_fibrillation,KCNQ1,ENSG00000053918,Genomics England;OMIM,MendelVar
214,Atrial_fibrillation,KCNQ1,ENSG00000053918,Orphanet,MendelVar
215,Atrial_fibrillation,MYL4,ENSG00000198336,Orphanet,MendelVar
216,Atrial_fibrillation,NPPA,ENSG00000175206,OMIM,MendelVar
217,Atrial_fibrillation,NPPA,ENSG00000175206,Orphanet,MendelVar
218,Atrial_fibrillation,NUP155,ENSG00000113569,Orphanet,MendelVar
219,Atrial_fibrillation,NUP155,ENSG00000113569,OMIM,MendelVar
220,Atrial_fibrillation,PITX2,ENSG00000164093,Orphanet,MendelVar
221,Cancer_of_prostate,RNASEL,ENSG00000135828,OMIM,MendelVar
222,Cancer_of_prostate,RNASEL,ENSG00000135828,Orphanet,MendelVar
223,Cancer_of_prostate,BRCA1,ENSG00000012048,Orphanet,MendelVar
224,Cancer_of_prostate,BRCA2,ENSG00000139618,Decipher;Genomics England;OMIM,MendelVar
225,Cancer_of_prostate,BRCA2,ENSG00000139618,Orphanet,MendelVar
226,Cancer_of_prostate,SRD5A2,ENSG00000277893,Orphanet,MendelVar
227,Cancer_of_prostate,HNF1B,ENSG00000275410,Orphanet,MendelVar
228,Cancer_of_prostate,ELAC2,ENSG00000006744,Orphanet,MendelVar
229,Cancer_of_prostate,CHEK2,ENSG00000183765,Genomics England;OMIM,MendelVar
230,Cancer_of_prostate,CHEK2,ENSG00000183765,Orphanet,MendelVar
231,Cancer_of_prostate,CDH1,ENSG00000039068,OMIM,MendelVar
232,Cancer_of_prostate,CDH1,ENSG00000039068,Orphanet,MendelVar
233,Cancer_of_prostate,KLF6,ENSG00000067082,OMIM,MendelVar
234,Cancer_of_prostate,EHBP1,ENSG00000115504,OMIM,MendelVar
235,Cancer_of_prostate,EPHB2,ENSG00000133216,Orphanet,MendelVar
236,Cancer_of_prostate,HOXB13,ENSG00000159184,OMIM,MendelVar
237,Cancer_of_prostate,HOXB13,ENSG00000159184,Orphanet,MendelVar
238,Cancer_of_prostate,AR,ENSG00000169083,OMIM,MendelVar
239,Cancer_of_prostate,MAD1L1,ENSG00000002822,OMIM,MendelVar
240,Cancer_of_prostate,MSMB,ENSG00000263639,OMIM,MendelVar
241,Cancer_of_prostate,MSMB,ENSG00000263639,Orphanet,MendelVar
242,Cancer_of_prostate,MSR1,ENSG00000038945,Orphanet,MendelVar
243,Cancer_of_prostate,MXI1,ENSG00000119950,OMIM,MendelVar
244,Cancer_of_prostate,NBN,ENSG00000104320,Orphanet,MendelVar
245,Cancer_of_prostate,ZFHX3,ENSG00000140836,OMIM,MendelVar
246,Cancer_of_prostate,ATM,ENSG00000149311,Orphanet,MendelVar
247,Cancer_of_prostate,PTEN,ENSG00000171862,Genomics England;OMIM,MendelVar
248,Cancer_of_prostate,RAD51D,ENSG00000185379,Orphanet,MendelVar
249,Breast_cancer,SLC22A18,ENSG00000110628,OMIM;Orphanet,MendelVar
250,Breast_cancer,BRCA1,ENSG00000012048,Orphanet,MendelVar
251,Breast_cancer,BRCA2,ENSG00000139618,Genomics England;OMIM;Orphanet,MendelVar
252,Breast_cancer,TP53,ENSG00000141510,Genomics England;OMIM,MendelVar
253,Breast_cancer,XRCC2,ENSG00000196584,Orphanet,MendelVar
254,Breast_cancer,XRCC3,ENSG00000126215,OMIM,MendelVar
255,Breast_cancer,CASP8,ENSG00000064012,OMIM,MendelVar
256,Breast_cancer,RB1CC1,ENSG00000023287,OMIM,MendelVar
257,Breast_cancer,CHEK2,ENSG00000183765,Genomics England;OMIM,MendelVar
258,Breast_cancer,CDH1,ENSG00000039068,OMIM;Orphanet,MendelVar
259,Breast_cancer,BRIP1,ENSG00000136492,Genomics England;OMIM,MendelVar
260,Breast_cancer,PALB2,ENSG00000083093,Genomics England;OMIM;Orphanet,MendelVar
261,Breast_cancer,ESR1,ENSG00000091831,OMIM,MendelVar
262,Breast_cancer,KLLN,ENSG00000227268,Orphanet,MendelVar
263,Breast_cancer,AKT1,ENSG00000142208,OMIM,MendelVar
264,Breast_cancer,HMMR,ENSG00000072571,OMIM,MendelVar
265,Breast_cancer,KRAS,ENSG00000133703,OMIM,MendelVar
266,Breast_cancer,ATM,ENSG00000149311,Genomics England;OMIM,MendelVar
267,Breast_cancer,PHB1,ENSG00000167085,OMIM,MendelVar
268,Breast_cancer,PIK3CA,ENSG00000121879,OMIM,MendelVar
269,Breast_cancer,PPM1D,ENSG00000170836,OMIM;Orphanet,MendelVar
270,Breast_cancer,BARD1,ENSG00000138376,OMIM,MendelVar
271,Breast_cancer,PTEN,ENSG00000171862,Genomics England,MendelVar
272,Breast_cancer,RAD51,ENSG00000051180,OMIM,MendelVar
273,Breast_cancer,RAD54L,ENSG00000085999,OMIM;Orphanet,MendelVar
274,tg,ABCA1,ENSG00000165029,diseases,"Forgetta et al., 2022 (PMID: 35147782): HDO/OMIM"
275,tg,ANGPTL3,ENSG00000132855,diseases,"Forgetta et al., 2022 (PMID: 35147782): HDO/OMIM"
276,tg,APOA2,ENSG00000158874,diseases,"Forgetta et al., 2022 (PMID: 35147782): HDO/OMIM"
277,tg,APOA5,ENSG00000110243,diseases,"Forgetta et al., 2022 (PMID: 35147782): HDO/OMIM"
278,tg,APOB,ENSG00000291544,diseases,"Forgetta et al., 2022 (PMID: 35147782): HDO/OMIM"
279,tg,APOB,ENSG00000084674,diseases,"Forgetta et al., 2022 (PMID: 35147782): HDO/OMIM"
280,tg,APOE,ENSG00000130203,diseases,"Forgetta et al., 2022 (PMID: 35147782): HDO/OMIM"
281,tg,DHCR7,ENSG00000172893,diseases,"Forgetta et al., 2022 (PMID: 35147782): HDO/OMIM"
282,tg,EPHX2,ENSG00000120915,diseases,"Forgetta et al., 2022 (PMID: 35147782): HDO/OMIM"
283,tg,GHR,ENSG00000112964,diseases,"Forgetta et al., 2022 (PMID: 35147782): HDO/OMIM"
284,tg,ITIH4,ENSG00000055955,diseases,"Forgetta et al., 2022 (PMID: 35147782): HDO/OMIM"
285,tg,LDLR,ENSG00000130164,diseases,"Forgetta et al., 2022 (PMID: 35147782): HDO/OMIM"
286,tg,LDLRAP1,ENSG00000157978,diseases,"Forgetta et al., 2022 (PMID: 35147782): HDO/OMIM"
287,tg,LIPA,ENSG00000107798,diseases,"Forgetta et al., 2022 (PMID: 35147782): HDO/OMIM"
288,tg,LIPI,ENSG00000188992,diseases,"Forgetta et al., 2022 (PMID: 35147782): HDO/OMIM"
289,tg,LPL,ENSG00000175445,diseases,"Forgetta et al., 2022 (PMID: 35147782): HDO/OMIM"
290,tg,MTTP,ENSG00000138823,diseases,"Forgetta et al., 2022 (PMID: 35147782): HDO/OMIM"
291,tg,PPP1R17,ENSG00000106341,diseases,"Forgetta et al., 2022 (PMID: 35147782): HDO/OMIM"
292,t2d,ABCC8,ENSG00000006071,diseases,"Forgetta et al., 2022 (PMID: 35147782): HDO/OMIM"
293,t2d,AKT2,ENSG00000105221,diseases,"Forgetta et al., 2022 (PMID: 35147782): HDO/OMIM"
294,t2d,APPL1,ENSG00000157500,diseases,"Forgetta et al., 2022 (PMID: 35147782): HDO/OMIM"
295,t2d,BLK,ENSG00000285369,diseases,"Forgetta et al., 2022 (PMID: 35147782): HDO/OMIM"
296,t2d,BLK,ENSG00000136573,diseases,"Forgetta et al., 2022 (PMID: 35147782): HDO/OMIM"
297,t2d,CAPN10,ENSG00000142330,diseases,"Forgetta et al., 2022 (PMID: 35147782): HDO/OMIM"
298,t2d,CEL,ENSG00000170835,diseases,"Forgetta et al., 2022 (PMID: 35147782): HDO/OMIM"
299,t2d,CISD2,ENSG00000145354,diseases,"Forgetta et al., 2022 (PMID: 35147782): HDO/OMIM"
300,t2d,CP,ENSG00000047457,diseases,"Forgetta et al., 2022 (PMID: 35147782): HDO/OMIM"
301,t2d,EIF2AK3,ENSG00000172071,diseases,"Forgetta et al., 2022 (PMID: 35147782): HDO/OMIM"
302,t2d,ENPP1,ENSG00000197594,diseases,"Forgetta et al., 2022 (PMID: 35147782): HDO/OMIM"
303,t2d,GCGR,ENSG00000288269,diseases,"Forgetta et al., 2022 (PMID: 35147782): HDO/OMIM"
304,t2d,GCGR,ENSG00000215644,diseases,"Forgetta et al., 2022 (PMID: 35147782): HDO/OMIM"
305,t2d,GCK,ENSG00000106633,diseases,"Forgetta et al., 2022 (PMID: 35147782): HDO/OMIM"
306,t2d,GLIS3,ENSG00000107249,diseases,"Forgetta et al., 2022 (PMID: 35147782): HDO/OMIM"
307,t2d,GLUD1,ENSG00000148672,diseases,"Forgetta et al., 2022 (PMID: 35147782): HDO/OMIM"
308,t2d,GPD2,ENSG00000115159,diseases,"Forgetta et al., 2022 (PMID: 35147782): HDO/OMIM"
309,t2d,HADH,ENSG00000138796,diseases,"Forgetta et al., 2022 (PMID: 35147782): HDO/OMIM"
310,t2d,HMGA1,ENSG00000137309,diseases,"Forgetta et al., 2022 (PMID: 35147782): HDO/OMIM"
311,t2d,HNF1A,ENSG00000135100,diseases,"Forgetta et al., 2022 (PMID: 35147782): HDO/OMIM"
312,t2d,HNF1B,ENSG00000276194,diseases,"Forgetta et al., 2022 (PMID: 35147782): HDO/OMIM"
313,t2d,HNF1B,ENSG00000275410,diseases,"Forgetta et al., 2022 (PMID: 35147782): HDO/OMIM"
314,t2d,HNF4A,ENSG00000101076,diseases,"Forgetta et al., 2022 (PMID: 35147782): HDO/OMIM"
315,t2d,IGF2BP2,ENSG00000073792,diseases,"Forgetta et al., 2022 (PMID: 35147782): HDO/OMIM"
316,t2d,INS,ENSG00000254647,diseases,"Forgetta et al., 2022 (PMID: 35147782): HDO/OMIM"
317,t2d,INSR,ENSG00000171105,diseases,"Forgetta et al., 2022 (PMID: 35147782): HDO/OMIM"
318,t2d,IRS1,ENSG00000169047,diseases,"Forgetta et al., 2022 (PMID: 35147782): HDO/OMIM"
319,t2d,IRS2,ENSG00000185950,diseases,"Forgetta et al., 2022 (PMID: 35147782): HDO/OMIM"
320,t2d,KCNJ11,ENSG00000187486,diseases,"Forgetta et al., 2022 (PMID: 35147782): HDO/OMIM"
321,t2d,KLF11,ENSG00000172059,diseases,"Forgetta et al., 2022 (PMID: 35147782): HDO/OMIM"
322,t2d,LIPC,ENSG00000166035,diseases,"Forgetta et al., 2022 (PMID: 35147782): HDO/OMIM"
323,t2d,MAPK8IP1,ENSG00000121653,diseases,"Forgetta et al., 2022 (PMID: 35147782): HDO/OMIM"
324,t2d,MTNR1B,ENSG00000134640,diseases,"Forgetta et al., 2022 (PMID: 35147782): HDO/OMIM"
325,t2d,MTTP,ENSG00000138823,diseases,"Forgetta et al., 2022 (PMID: 35147782): HDO/OMIM"
326,t2d,NEUROD1,ENSG00000162992,diseases,"Forgetta et al., 2022 (PMID: 35147782): HDO/OMIM"
327,t2d,PAX4,ENSG00000106331,diseases,"Forgetta et al., 2022 (PMID: 35147782): HDO/OMIM"
328,t2d,PDX1,ENSG00000139515,diseases,"Forgetta et al., 2022 (PMID: 35147782): HDO/OMIM"
329,t2d,PLAGL1,ENSG00000118495,diseases,"Forgetta et al., 2022 (PMID: 35147782): HDO/OMIM"
330,t2d,PLIN1,ENSG00000166819,diseases,"Forgetta et al., 2022 (PMID: 35147782): HDO/OMIM"
331,t2d,PPARG,ENSG00000132170,diseases,"Forgetta et al., 2022 (PMID: 35147782): HDO/OMIM"
332,t2d,PPP1R3A,ENSG00000154415,diseases,"Forgetta et al., 2022 (PMID: 35147782): HDO/OMIM"
333,t2d,PTPN1,ENSG00000196396,diseases,"Forgetta et al., 2022 (PMID: 35147782): HDO/OMIM"
334,t2d,RETN,ENSG00000104918,diseases,"Forgetta et al., 2022 (PMID: 35147782): HDO/OMIM"
335,t2d,SLC16A1,ENSG00000281917,diseases,"Forgetta et al., 2022 (PMID: 35147782): HDO/OMIM"
336,t2d,SLC16A1,ENSG00000155380,diseases,"Forgetta et al., 2022 (PMID: 35147782): HDO/OMIM"
337,t2d,SLC2A2,ENSG00000163581,diseases,"Forgetta et al., 2022 (PMID: 35147782): HDO/OMIM"
338,t2d,SLC30A8,ENSG00000164756,diseases,"Forgetta et al., 2022 (PMID: 35147782): HDO/OMIM"
339,t2d,TCF7L2,ENSG00000148737,diseases,"Forgetta et al., 2022 (PMID: 35147782): HDO/OMIM"
340,t2d,TPI1,ENSG00000111669,diseases,"Forgetta et al., 2022 (PMID: 35147782): HDO/OMIM"
341,t2d,WFS1,ENSG00000109501,diseases,"Forgetta et al., 2022 (PMID: 35147782): HDO/OMIM"
342,t2d,ZFP57,ENSG00000226858,diseases,"Forgetta et al., 2022 (PMID: 35147782): HDO/OMIM"
343,t2d,ZFP57,ENSG00000223852,diseases,"Forgetta et al., 2022 (PMID: 35147782): HDO/OMIM"
344,t2d,ZFP57,ENSG00000232099,diseases,"Forgetta et al., 2022 (PMID: 35147782): HDO/OMIM"
345,t2d,ZFP57,ENSG00000227858,diseases,"Forgetta et al., 2022 (PMID: 35147782): HDO/OMIM"
346,t2d,ZFP57,ENSG00000223858,diseases,"Forgetta et al., 2022 (PMID: 35147782): HDO/OMIM"
347,t2d,ZFP57,ENSG00000234669,diseases,"Forgetta et al., 2022 (PMID: 35147782): HDO/OMIM"
348,t2d,ZFP57,ENSG00000206510,diseases,"Forgetta et al., 2022 (PMID: 35147782): HDO/OMIM"
349,t2d,ZFP57,ENSG00000204644,diseases,"Forgetta et al., 2022 (PMID: 35147782): HDO/OMIM"
350,sbp,ADD1,ENSG00000087274,diseases,"Forgetta et al., 2022 (PMID: 35147782): HDO/OMIM"
351,sbp,AGT,ENSG00000135744,diseases,"Forgetta et al., 2022 (PMID: 35147782): HDO/OMIM"
352,sbp,AGTR1,ENSG00000144891,diseases,"Forgetta et al., 2022 (PMID: 35147782): HDO/OMIM"
353,sbp,ATP1B1,ENSG00000143153,diseases,"Forgetta et al., 2022 (PMID: 35147782): HDO/OMIM"
354,sbp,CYP3A5,ENSG00000106258,diseases,"Forgetta et al., 2022 (PMID: 35147782): HDO/OMIM"
355,sbp,ECE1,ENSG00000117298,diseases,"Forgetta et al., 2022 (PMID: 35147782): HDO/OMIM"
356,sbp,GNB3,ENSG00000111664,diseases,"Forgetta et al., 2022 (PMID: 35147782): HDO/OMIM"
357,sbp,HSD11B2,ENSG00000176387,diseases,"Forgetta et al., 2022 (PMID: 35147782): HDO/OMIM"
358,sbp,NOS2,ENSG00000007171,diseases,"Forgetta et al., 2022 (PMID: 35147782): HDO/OMIM"
359,sbp,NOS3,ENSG00000164867,diseases,"Forgetta et al., 2022 (PMID: 35147782): HDO/OMIM"
360,sbp,PLIN1,ENSG00000166819,diseases,"Forgetta et al., 2022 (PMID: 35147782): HDO/OMIM"
361,sbp,PTGIS,ENSG00000124212,diseases,"Forgetta et al., 2022 (PMID: 35147782): HDO/OMIM"
362,sbp,RGS5,ENSG00000143248,diseases,"Forgetta et al., 2022 (PMID: 35147782): HDO/OMIM"
363,sbp,SCNN1B,ENSG00000168447,diseases,"Forgetta et al., 2022 (PMID: 35147782): HDO/OMIM"
364,sbp,SERPINA6,ENSG00000277405,diseases,"Forgetta et al., 2022 (PMID: 35147782): HDO/OMIM"
365,sbp,SERPINA6,ENSG00000170099,diseases,"Forgetta et al., 2022 (PMID: 35147782): HDO/OMIM"
366,rbc,ABCB7,ENSG00000131269,diseases,"Forgetta et al., 2022 (PMID: 35147782): HDO/OMIM"
367,rbc,AK1,ENSG00000106992,diseases,"Forgetta et al., 2022 (PMID: 35147782): HDO/OMIM"
368,rbc,ALAS2,ENSG00000158578,diseases,"Forgetta et al., 2022 (PMID: 35147782): HDO/OMIM"
369,rbc,AMN,ENSG00000166126,diseases,"Forgetta et al., 2022 (PMID: 35147782): HDO/OMIM"
370,rbc,ANK1,ENSG00000029534,diseases,"Forgetta et al., 2022 (PMID: 35147782): HDO/OMIM"
371,rbc,BRCA2,ENSG00000139618,diseases,"Forgetta et al., 2022 (PMID: 35147782): HDO/OMIM"
372,rbc,BRIP1,ENSG00000136492,diseases,"Forgetta et al., 2022 (PMID: 35147782): HDO/OMIM"
373,rbc,CDAN1,ENSG00000140326,diseases,"Forgetta et al., 2022 (PMID: 35147782): HDO/OMIM"
374,rbc,CUBN,ENSG00000107611,diseases,"Forgetta et al., 2022 (PMID: 35147782): HDO/OMIM"
375,rbc,DHFR,ENSG00000228716,diseases,"Forgetta et al., 2022 (PMID: 35147782): HDO/OMIM"
376,rbc,EGLN1,ENSG00000135766,diseases,"Forgetta et al., 2022 (PMID: 35147782): HDO/OMIM"
377,rbc,EPAS1,ENSG00000116016,diseases,"Forgetta et al., 2022 (PMID: 35147782): HDO/OMIM"
378,rbc,EPB42,ENSG00000166947,diseases,"Forgetta et al., 2022 (PMID: 35147782): HDO/OMIM"
379,rbc,EPO,ENSG00000130427,diseases,"Forgetta et al., 2022 (PMID: 35147782): HDO/OMIM"
380,rbc,EPOR,ENSG00000187266,diseases,"Forgetta et al., 2022 (PMID: 35147782): HDO/OMIM"
381,rbc,ERCC4,ENSG00000175595,diseases,"Forgetta et al., 2022 (PMID: 35147782): HDO/OMIM"
382,rbc,FANCA,ENSG00000187741,diseases,"Forgetta et al., 2022 (PMID: 35147782): HDO/OMIM"
383,rbc,FANCB,ENSG00000181544,diseases,"Forgetta et al., 2022 (PMID: 35147782): HDO/OMIM"
384,rbc,FANCC,ENSG00000158169,diseases,"Forgetta et al., 2022 (PMID: 35147782): HDO/OMIM"
385,rbc,FANCD2,ENSG00000144554,diseases,"Forgetta et al., 2022 (PMID: 35147782): HDO/OMIM"
386,rbc,FANCE,ENSG00000112039,diseases,"Forgetta et al., 2022 (PMID: 35147782): HDO/OMIM"
387,rbc,FANCF,ENSG00000183161,diseases,"Forgetta et al., 2022 (PMID: 35147782): HDO/OMIM"
388,rbc,FANCG,ENSG00000221829,diseases,"Forgetta et al., 2022 (PMID: 35147782): HDO/OMIM"
389,rbc,FANCI,ENSG00000140525,diseases,"Forgetta et al., 2022 (PMID: 35147782): HDO/OMIM"
390,rbc,FANCL,ENSG00000115392,diseases,"Forgetta et al., 2022 (PMID: 35147782): HDO/OMIM"
391,rbc,G6PD,ENSG00000160211,diseases,"Forgetta et al., 2022 (PMID: 35147782): HDO/OMIM"
392,rbc,GLRX5,ENSG00000182512,diseases,"Forgetta et al., 2022 (PMID: 35147782): HDO/OMIM"
393,rbc,GPI,ENSG00000282019,diseases,"Forgetta et al., 2022 (PMID: 35147782): HDO/OMIM"
394,rbc,GPI,ENSG00000105220,diseases,"Forgetta et al., 2022 (PMID: 35147782): HDO/OMIM"
395,rbc,HSPA9,ENSG00000113013,diseases,"Forgetta et al., 2022 (PMID: 35147782): HDO/OMIM"
396,rbc,JAK2,ENSG00000096968,diseases,"Forgetta et al., 2022 (PMID: 35147782): HDO/OMIM"
397,rbc,KLF1,ENSG00000105610,diseases,"Forgetta et al., 2022 (PMID: 35147782): HDO/OMIM"
398,rbc,MAD2L2,ENSG00000116670,diseases,"Forgetta et al., 2022 (PMID: 35147782): HDO/OMIM"
399,rbc,NT5C3A,ENSG00000122643,diseases,"Forgetta et al., 2022 (PMID: 35147782): HDO/OMIM"
400,rbc,PALB2,ENSG00000083093,diseases,"Forgetta et al., 2022 (PMID: 35147782): HDO/OMIM"
401,rbc,PKLR,ENSG00000262785,diseases,"Forgetta et al., 2022 (PMID: 35147782): HDO/OMIM"
402,rbc,PKLR,ENSG00000143627,diseases,"Forgetta et al., 2022 (PMID: 35147782): HDO/OMIM"
403,rbc,RAD51,ENSG00000051180,diseases,"Forgetta et al., 2022 (PMID: 35147782): HDO/OMIM"
404,rbc,RAD51C,ENSG00000108384,diseases,"Forgetta et al., 2022 (PMID: 35147782): HDO/OMIM"
405,rbc,RHAG,ENSG00000112077,diseases,"Forgetta et al., 2022 (PMID: 35147782): HDO/OMIM"
406,rbc,RPL11,ENSG00000142676,diseases,"Forgetta et al., 2022 (PMID: 35147782): HDO/OMIM"
407,rbc,RPL15,ENSG00000174748,diseases,"Forgetta et al., 2022 (PMID: 35147782): HDO/OMIM"
408,rbc,RPL26,ENSG00000161970,diseases,"Forgetta et al., 2022 (PMID: 35147782): HDO/OMIM"
409,rbc,RPL35A,ENSG00000182899,diseases,"Forgetta et al., 2022 (PMID: 35147782): HDO/OMIM"
410,rbc,RPL5,ENSG00000122406,diseases,"Forgetta et al., 2022 (PMID: 35147782): HDO/OMIM"
411,rbc,RPS10,ENSG00000124614,diseases,"Forgetta et al., 2022 (PMID: 35147782): HDO/OMIM"
412,rbc,RPS14,ENSG00000164587,diseases,"Forgetta et al., 2022 (PMID: 35147782): HDO/OMIM"
413,rbc,RPS17,ENSG00000278229,diseases,"Forgetta et al., 2022 (PMID: 35147782): HDO/OMIM"
414,rbc,RPS17,ENSG00000182774,diseases,"Forgetta et al., 2022 (PMID: 35147782): HDO/OMIM"
415,rbc,RPS19,ENSG00000105372,diseases,"Forgetta et al., 2022 (PMID: 35147782): HDO/OMIM"
416,rbc,RPS24,ENSG00000138326,diseases,"Forgetta et al., 2022 (PMID: 35147782): HDO/OMIM"
417,rbc,RPS26,ENSG00000197728,diseases,"Forgetta et al., 2022 (PMID: 35147782): HDO/OMIM"
418,rbc,RPS29,ENSG00000213741,diseases,"Forgetta et al., 2022 (PMID: 35147782): HDO/OMIM"
419,rbc,RPS7,ENSG00000171863,diseases,"Forgetta et al., 2022 (PMID: 35147782): HDO/OMIM"
420,rbc,SEC23B,ENSG00000101310,diseases,"Forgetta et al., 2022 (PMID: 35147782): HDO/OMIM"
421,rbc,SH2B3,ENSG00000111252,diseases,"Forgetta et al., 2022 (PMID: 35147782): HDO/OMIM"
422,rbc,SLC11A2,ENSG00000110911,diseases,"Forgetta et al., 2022 (PMID: 35147782): HDO/OMIM"
423,rbc,SLC25A38,ENSG00000144659,diseases,"Forgetta et al., 2022 (PMID: 35147782): HDO/OMIM"
424,rbc,SLC4A1,ENSG00000004939,diseases,"Forgetta et al., 2022 (PMID: 35147782): HDO/OMIM"
425,rbc,SLX4,ENSG00000188827,diseases,"Forgetta et al., 2022 (PMID: 35147782): HDO/OMIM"
426,rbc,SPTA1,ENSG00000163554,diseases,"Forgetta et al., 2022 (PMID: 35147782): HDO/OMIM"
427,rbc,SPTB,ENSG00000070182,diseases,"Forgetta et al., 2022 (PMID: 35147782): HDO/OMIM"
428,rbc,STEAP3,ENSG00000115107,diseases,"Forgetta et al., 2022 (PMID: 35147782): HDO/OMIM"
429,rbc,TRNT1,ENSG00000072756,diseases,"Forgetta et al., 2022 (PMID: 35147782): HDO/OMIM"
430,rbc,UBE2T,ENSG00000077152,diseases,"Forgetta et al., 2022 (PMID: 35147782): HDO/OMIM"
431,rbc,VHL,ENSG00000134086,diseases,"Forgetta et al., 2022 (PMID: 35147782): HDO/OMIM"
432,rbc,XRCC2,ENSG00000196584,diseases,"Forgetta et al., 2022 (PMID: 35147782): HDO/OMIM"
433,ldl,ABCA1,ENSG00000165029,diseases,"Forgetta et al., 2022 (PMID: 35147782): HDO/OMIM"
434,ldl,ANGPTL3,ENSG00000132855,diseases,"Forgetta et al., 2022 (PMID: 35147782): HDO/OMIM"
435,ldl,APOA2,ENSG00000158874,diseases,"Forgetta et al., 2022 (PMID: 35147782): HDO/OMIM"
436,ldl,APOA5,ENSG00000110243,diseases,"Forgetta et al., 2022 (PMID: 35147782): HDO/OMIM"
437,ldl,APOB,ENSG00000291544,diseases,"Forgetta et al., 2022 (PMID: 35147782): HDO/OMIM"
438,ldl,APOB,ENSG00000084674,diseases,"Forgetta et al., 2022 (PMID: 35147782): HDO/OMIM"
439,ldl,APOE,ENSG00000130203,diseases,"Forgetta et al., 2022 (PMID: 35147782): HDO/OMIM"
440,ldl,DHCR7,ENSG00000172893,diseases,"Forgetta et al., 2022 (PMID: 35147782): HDO/OMIM"
441,ldl,EPHX2,ENSG00000120915,diseases,"Forgetta et al., 2022 (PMID: 35147782): HDO/OMIM"
442,ldl,GHR,ENSG00000112964,diseases,"Forgetta et al., 2022 (PMID: 35147782): HDO/OMIM"
443,ldl,ITIH4,ENSG00000055955,diseases,"Forgetta et al., 2022 (PMID: 35147782): HDO/OMIM"
444,ldl,LDLR,ENSG00000130164,diseases,"Forgetta et al., 2022 (PMID: 35147782): HDO/OMIM"
445,ldl,LDLRAP1,ENSG00000157978,diseases,"Forgetta et al., 2022 (PMID: 35147782): HDO/OMIM"
446,ldl,LIPA,ENSG00000107798,diseases,"Forgetta et al., 2022 (PMID: 35147782): HDO/OMIM"
447,ldl,LIPI,ENSG00000188992,diseases,"Forgetta et al., 2022 (PMID: 35147782): HDO/OMIM"
448,ldl,LPL,ENSG00000175445,diseases,"Forgetta et al., 2022 (PMID: 35147782): HDO/OMIM"
449,ldl,MTTP,ENSG00000138823,diseases,"Forgetta et al., 2022 (PMID: 35147782): HDO/OMIM"
450,ldl,PPP1R17,ENSG00000106341,diseases,"Forgetta et al., 2022 (PMID: 35147782): HDO/OMIM"
451,height,ADAMTS10,ENSG00000142303,diseases,"Forgetta et al., 2022 (PMID: 35147782): HDO/OMIM"
452,height,ADAMTS17,ENSG00000140470,diseases,"Forgetta et al., 2022 (PMID: 35147782): HDO/OMIM"
453,height,ANKRD11,ENSG00000167522,diseases,"Forgetta et al., 2022 (PMID: 35147782): HDO/OMIM"
454,height,B3GALT6,ENSG00000176022,diseases,"Forgetta et al., 2022 (PMID: 35147782): HDO/OMIM"
455,height,BLM,ENSG00000197299,diseases,"Forgetta et al., 2022 (PMID: 35147782): HDO/OMIM"
456,height,BRAF,ENSG00000157764,diseases,"Forgetta et al., 2022 (PMID: 35147782): HDO/OMIM"
457,height,CANT1,ENSG00000171302,diseases,"Forgetta et al., 2022 (PMID: 35147782): HDO/OMIM"
458,height,CHRNA1,ENSG00000138435,diseases,"Forgetta et al., 2022 (PMID: 35147782): HDO/OMIM"
459,height,CHRND,ENSG00000135902,diseases,"Forgetta et al., 2022 (PMID: 35147782): HDO/OMIM"
460,height,CHRNG,ENSG00000196811,diseases,"Forgetta et al., 2022 (PMID: 35147782): HDO/OMIM"
461,height,CHST3,ENSG00000122863,diseases,"Forgetta et al., 2022 (PMID: 35147782): HDO/OMIM"
462,height,COL2A1,ENSG00000139219,diseases,"Forgetta et al., 2022 (PMID: 35147782): HDO/OMIM"
463,height,CREBBP,ENSG00000005339,diseases,"Forgetta et al., 2022 (PMID: 35147782): HDO/OMIM"
464,height,CUL4B,ENSG00000158290,diseases,"Forgetta et al., 2022 (PMID: 35147782): HDO/OMIM"
465,height,DVL1,ENSG00000107404,diseases,"Forgetta et al., 2022 (PMID: 35147782): HDO/OMIM"
466,height,DVL3,ENSG00000161202,diseases,"Forgetta et al., 2022 (PMID: 35147782): HDO/OMIM"
467,height,EP300,ENSG00000100393,diseases,"Forgetta et al., 2022 (PMID: 35147782): HDO/OMIM"
468,height,FBN1,ENSG00000166147,diseases,"Forgetta et al., 2022 (PMID: 35147782): HDO/OMIM"
469,height,FGFR3,ENSG00000068078,diseases,"Forgetta et al., 2022 (PMID: 35147782): HDO/OMIM"
470,height,FLNB,ENSG00000136068,diseases,"Forgetta et al., 2022 (PMID: 35147782): HDO/OMIM"
471,height,GH1,ENSG00000259384,diseases,"Forgetta et al., 2022 (PMID: 35147782): HDO/OMIM"
472,height,GHR,ENSG00000112964,diseases,"Forgetta et al., 2022 (PMID: 35147782): HDO/OMIM"
473,height,GNAS,ENSG00000087460,diseases,"Forgetta et al., 2022 (PMID: 35147782): HDO/OMIM"
474,height,IGBP1,ENSG00000089289,diseases,"Forgetta et al., 2022 (PMID: 35147782): HDO/OMIM"
475,height,KDM5C,ENSG00000126012,diseases,"Forgetta et al., 2022 (PMID: 35147782): HDO/OMIM"
476,height,KDM6A,ENSG00000147050,diseases,"Forgetta et al., 2022 (PMID: 35147782): HDO/OMIM"
477,height,KMT2D,ENSG00000167548,diseases,"Forgetta et al., 2022 (PMID: 35147782): HDO/OMIM"
478,height,KRAS,ENSG00000133703,diseases,"Forgetta et al., 2022 (PMID: 35147782): HDO/OMIM"
479,height,LAS1L,ENSG00000001497,diseases,"Forgetta et al., 2022 (PMID: 35147782): HDO/OMIM"
480,height,LTBP2,ENSG00000119681,diseases,"Forgetta et al., 2022 (PMID: 35147782): HDO/OMIM"
481,height,LTBP3,ENSG00000168056,diseases,"Forgetta et al., 2022 (PMID: 35147782): HDO/OMIM"
482,height,LZTR1,ENSG00000099949,diseases,"Forgetta et al., 2022 (PMID: 35147782): HDO/OMIM"
483,height,MAP2K1,ENSG00000169032,diseases,"Forgetta et al., 2022 (PMID: 35147782): HDO/OMIM"
484,height,MAP2K2,ENSG00000126934,diseases,"Forgetta et al., 2022 (PMID: 35147782): HDO/OMIM"
485,height,MPLKIP,ENSG00000168303,diseases,"Forgetta et al., 2022 (PMID: 35147782): HDO/OMIM"
486,height,MYH3,ENSG00000109063,diseases,"Forgetta et al., 2022 (PMID: 35147782): HDO/OMIM"
487,height,NPR2,ENSG00000159899,diseases,"Forgetta et al., 2022 (PMID: 35147782): HDO/OMIM"
488,height,NRAS,ENSG00000213281,diseases,"Forgetta et al., 2022 (PMID: 35147782): HDO/OMIM"
489,height,PAPSS2,ENSG00000198682,diseases,"Forgetta et al., 2022 (PMID: 35147782): HDO/OMIM"
490,height,PCNT,ENSG00000160299,diseases,"Forgetta et al., 2022 (PMID: 35147782): HDO/OMIM"
491,height,PHKB,ENSG00000102893,diseases,"Forgetta et al., 2022 (PMID: 35147782): HDO/OMIM"
492,height,PLK4,ENSG00000142731,diseases,"Forgetta et al., 2022 (PMID: 35147782): HDO/OMIM"
493,height,PQBP1,ENSG00000292208,diseases,"Forgetta et al., 2022 (PMID: 35147782): HDO/OMIM"
494,height,PQBP1,ENSG00000102103,diseases,"Forgetta et al., 2022 (PMID: 35147782): HDO/OMIM"
495,height,PTHLH,ENSG00000087494,diseases,"Forgetta et al., 2022 (PMID: 35147782): HDO/OMIM"
496,height,PTPN11,ENSG00000179295,diseases,"Forgetta et al., 2022 (PMID: 35147782): HDO/OMIM"
497,height,RAF1,ENSG00000132155,diseases,"Forgetta et al., 2022 (PMID: 35147782): HDO/OMIM"
498,height,RAI1,ENSG00000108557,diseases,"Forgetta et al., 2022 (PMID: 35147782): HDO/OMIM"
499,height,RECQL4,ENSG00000160957,diseases,"Forgetta et al., 2022 (PMID: 35147782): HDO/OMIM"
500,height,RIT1,ENSG00000143622,diseases,"Forgetta et al., 2022 (PMID: 35147782): HDO/OMIM"
501,height,RMRP,ENSG00000277027,diseases,"Forgetta et al., 2022 (PMID: 35147782): HDO/OMIM"
502,height,RNF168,ENSG00000163961,diseases,"Forgetta et al., 2022 (PMID: 35147782): HDO/OMIM"
503,height,ROR2,ENSG00000169071,diseases,"Forgetta et al., 2022 (PMID: 35147782): HDO/OMIM"
504,height,RSPH4A,ENSG00000111834,diseases,"Forgetta et al., 2022 (PMID: 35147782): HDO/OMIM"
505,height,SHOX,ENSG00000292354,diseases,"Forgetta et al., 2022 (PMID: 35147782): HDO/OMIM"
506,height,SHOX,ENSG00000185960,diseases,"Forgetta et al., 2022 (PMID: 35147782): HDO/OMIM"
507,height,SMARCAL1,ENSG00000138375,diseases,"Forgetta et al., 2022 (PMID: 35147782): HDO/OMIM"
508,height,SMS,ENSG00000102172,diseases,"Forgetta et al., 2022 (PMID: 35147782): HDO/OMIM"
509,height,SOS1,ENSG00000115904,diseases,"Forgetta et al., 2022 (PMID: 35147782): HDO/OMIM"
510,height,SOS2,ENSG00000100485,diseases,"Forgetta et al., 2022 (PMID: 35147782): HDO/OMIM"
511,height,SPART,ENSG00000133104,diseases,"Forgetta et al., 2022 (PMID: 35147782): HDO/OMIM"
512,height,STAC3,ENSG00000185482,diseases,"Forgetta et al., 2022 (PMID: 35147782): HDO/OMIM"
513,height,TRPS1,ENSG00000104447,diseases,"Forgetta et al., 2022 (PMID: 35147782): HDO/OMIM"
514,height,TUBGCP6,ENSG00000128159,diseases,"Forgetta et al., 2022 (PMID: 35147782): HDO/OMIM"
515,height,USB1,ENSG00000103005,diseases,"Forgetta et al., 2022 (PMID: 35147782): HDO/OMIM"
516,height,WNT5A,ENSG00000114251,diseases,"Forgetta et al., 2022 (PMID: 35147782): HDO/OMIM"
517,height,XYLT1,ENSG00000285395,diseases,"Forgetta et al., 2022 (PMID: 35147782): HDO/OMIM"
518,height,XYLT1,ENSG00000103489,diseases,"Forgetta et al., 2022 (PMID: 35147782): HDO/OMIM"
519,glucose,ABCC8,ENSG00000006071,diseases,"Forgetta et al., 2022 (PMID: 35147782): HDO/OMIM"
520,glucose,AGL,ENSG00000162688,diseases,"Forgetta et al., 2022 (PMID: 35147782): HDO/OMIM"
521,glucose,AKT2,ENSG00000105221,diseases,"Forgetta et al., 2022 (PMID: 35147782): HDO/OMIM"
522,glucose,APPL1,ENSG00000157500,diseases,"Forgetta et al., 2022 (PMID: 35147782): HDO/OMIM"
523,glucose,BLK,ENSG00000285369,diseases,"Forgetta et al., 2022 (PMID: 35147782): HDO/OMIM"
524,glucose,BLK,ENSG00000136573,diseases,"Forgetta et al., 2022 (PMID: 35147782): HDO/OMIM"
525,glucose,CAPN10,ENSG00000142330,diseases,"Forgetta et al., 2022 (PMID: 35147782): HDO/OMIM"
526,glucose,CCR5,ENSG00000160791,diseases,"Forgetta et al., 2022 (PMID: 35147782): HDO/OMIM"
527,glucose,CEL,ENSG00000170835,diseases,"Forgetta et al., 2022 (PMID: 35147782): HDO/OMIM"
528,glucose,CTLA4,ENSG00000163599,diseases,"Forgetta et al., 2022 (PMID: 35147782): HDO/OMIM"
529,glucose,ENPP1,ENSG00000197594,diseases,"Forgetta et al., 2022 (PMID: 35147782): HDO/OMIM"
530,glucose,FOXP3,ENSG00000049768,diseases,"Forgetta et al., 2022 (PMID: 35147782): HDO/OMIM"
531,glucose,GAA,ENSG00000291507,diseases,"Forgetta et al., 2022 (PMID: 35147782): HDO/OMIM"
532,glucose,GAA,ENSG00000171298,diseases,"Forgetta et al., 2022 (PMID: 35147782): HDO/OMIM"
533,glucose,GBE1,ENSG00000114480,diseases,"Forgetta et al., 2022 (PMID: 35147782): HDO/OMIM"
534,glucose,GCGR,ENSG00000288269,diseases,"Forgetta et al., 2022 (PMID: 35147782): HDO/OMIM"
535,glucose,GCGR,ENSG00000215644,diseases,"Forgetta et al., 2022 (PMID: 35147782): HDO/OMIM"
536,glucose,GCK,ENSG00000106633,diseases,"Forgetta et al., 2022 (PMID: 35147782): HDO/OMIM"
537,glucose,GLIS3,ENSG00000107249,diseases,"Forgetta et al., 2022 (PMID: 35147782): HDO/OMIM"
538,glucose,GPD2,ENSG00000115159,diseases,"Forgetta et al., 2022 (PMID: 35147782): HDO/OMIM"
539,glucose,GYG1,ENSG00000163754,diseases,"Forgetta et al., 2022 (PMID: 35147782): HDO/OMIM"
540,glucose,HMGA1,ENSG00000137309,diseases,"Forgetta et al., 2022 (PMID: 35147782): HDO/OMIM"
541,glucose,HNF1A,ENSG00000135100,diseases,"Forgetta et al., 2022 (PMID: 35147782): HDO/OMIM"
542,glucose,HNF1B,ENSG00000276194,diseases,"Forgetta et al., 2022 (PMID: 35147782): HDO/OMIM"
543,glucose,HNF1B,ENSG00000275410,diseases,"Forgetta et al., 2022 (PMID: 35147782): HDO/OMIM"
544,glucose,HNF4A,ENSG00000101076,diseases,"Forgetta et al., 2022 (PMID: 35147782): HDO/OMIM"
545,glucose,IGF2BP2,ENSG00000073792,diseases,"Forgetta et al., 2022 (PMID: 35147782): HDO/OMIM"
546,glucose,IL2RA,ENSG00000134460,diseases,"Forgetta et al., 2022 (PMID: 35147782): HDO/OMIM"
547,glucose,IL6,ENSG00000136244,diseases,"Forgetta et al., 2022 (PMID: 35147782): HDO/OMIM"
548,glucose,INS,ENSG00000254647,diseases,"Forgetta et al., 2022 (PMID: 35147782): HDO/OMIM"
549,glucose,IRS1,ENSG00000169047,diseases,"Forgetta et al., 2022 (PMID: 35147782): HDO/OMIM"
550,glucose,IRS2,ENSG00000185950,diseases,"Forgetta et al., 2022 (PMID: 35147782): HDO/OMIM"
551,glucose,ITPR3,ENSG00000096433,diseases,"Forgetta et al., 2022 (PMID: 35147782): HDO/OMIM"
552,glucose,KCNJ11,ENSG00000187486,diseases,"Forgetta et al., 2022 (PMID: 35147782): HDO/OMIM"
553,glucose,KLF11,ENSG00000172059,diseases,"Forgetta et al., 2022 (PMID: 35147782): HDO/OMIM"
554,glucose,LIPC,ENSG00000166035,diseases,"Forgetta et al., 2022 (PMID: 35147782): HDO/OMIM"
555,glucose,MAPK8IP1,ENSG00000121653,diseases,"Forgetta et al., 2022 (PMID: 35147782): HDO/OMIM"
556,glucose,MTNR1B,ENSG00000134640,diseases,"Forgetta et al., 2022 (PMID: 35147782): HDO/OMIM"
557,glucose,NEUROD1,ENSG00000162992,diseases,"Forgetta et al., 2022 (PMID: 35147782): HDO/OMIM"
558,glucose,PAX4,ENSG00000106331,diseases,"Forgetta et al., 2022 (PMID: 35147782): HDO/OMIM"
559,glucose,PDX1,ENSG00000139515,diseases,"Forgetta et al., 2022 (PMID: 35147782): HDO/OMIM"
560,glucose,PFKM,ENSG00000152556,diseases,"Forgetta et al., 2022 (PMID: 35147782): HDO/OMIM"
561,glucose,PHKA1,ENSG00000067177,diseases,"Forgetta et al., 2022 (PMID: 35147782): HDO/OMIM"
562,glucose,PHKA2,ENSG00000044446,diseases,"Forgetta et al., 2022 (PMID: 35147782): HDO/OMIM"
563,glucose,PHKB,ENSG00000102893,diseases,"Forgetta et al., 2022 (PMID: 35147782): HDO/OMIM"
564,glucose,PHKG2,ENSG00000156873,diseases,"Forgetta et al., 2022 (PMID: 35147782): HDO/OMIM"
565,glucose,PLAGL1,ENSG00000118495,diseases,"Forgetta et al., 2022 (PMID: 35147782): HDO/OMIM"
566,glucose,PPARG,ENSG00000132170,diseases,"Forgetta et al., 2022 (PMID: 35147782): HDO/OMIM"
567,glucose,PPP1R3A,ENSG00000154415,diseases,"Forgetta et al., 2022 (PMID: 35147782): HDO/OMIM"
568,glucose,PRKAG2,ENSG00000106617,diseases,"Forgetta et al., 2022 (PMID: 35147782): HDO/OMIM"
569,glucose,PTPN1,ENSG00000196396,diseases,"Forgetta et al., 2022 (PMID: 35147782): HDO/OMIM"
570,glucose,PTPN22,ENSG00000134242,diseases,"Forgetta et al., 2022 (PMID: 35147782): HDO/OMIM"
571,glucose,PYGL,ENSG00000100504,diseases,"Forgetta et al., 2022 (PMID: 35147782): HDO/OMIM"
572,glucose,PYGM,ENSG00000068976,diseases,"Forgetta et al., 2022 (PMID: 35147782): HDO/OMIM"
573,glucose,RETN,ENSG00000104918,diseases,"Forgetta et al., 2022 (PMID: 35147782): HDO/OMIM"
574,glucose,SLC2A2,ENSG00000163581,diseases,"Forgetta et al., 2022 (PMID: 35147782): HDO/OMIM"
575,glucose,SLC30A8,ENSG00000164756,diseases,"Forgetta et al., 2022 (PMID: 35147782): HDO/OMIM"
576,glucose,SLC37A4,ENSG00000281500,diseases,"Forgetta et al., 2022 (PMID: 35147782): HDO/OMIM"
577,glucose,SLC37A4,ENSG00000137700,diseases,"Forgetta et al., 2022 (PMID: 35147782): HDO/OMIM"
578,glucose,SUMO4,ENSG00000177688,diseases,"Forgetta et al., 2022 (PMID: 35147782): HDO/OMIM"
579,glucose,TCF7L2,ENSG00000148737,diseases,"Forgetta et al., 2022 (PMID: 35147782): HDO/OMIM"
580,glucose,TPI1,ENSG00000111669,diseases,"Forgetta et al., 2022 (PMID: 35147782): HDO/OMIM"
581,glucose,WFS1,ENSG00000109501,diseases,"Forgetta et al., 2022 (PMID: 35147782): HDO/OMIM"
582,glucose,ZFP57,ENSG00000226858,diseases,"Forgetta et al., 2022 (PMID: 35147782): HDO/OMIM"
583,glucose,ZFP57,ENSG00000223852,diseases,"Forgetta et al., 2022 (PMID: 35147782): HDO/OMIM"
584,glucose,ZFP57,ENSG00000232099,diseases,"Forgetta et al., 2022 (PMID: 35147782): HDO/OMIM"
585,glucose,ZFP57,ENSG00000227858,diseases,"Forgetta et al., 2022 (PMID: 35147782): HDO/OMIM"
586,glucose,ZFP57,ENSG00000223858,diseases,"Forgetta et al., 2022 (PMID: 35147782): HDO/OMIM"
587,glucose,ZFP57,ENSG00000234669,diseases,"Forgetta et al., 2022 (PMID: 35147782): HDO/OMIM"
588,glucose,ZFP57,ENSG00000206510,diseases,"Forgetta et al., 2022 (PMID: 35147782): HDO/OMIM"
589,glucose,ZFP57,ENSG00000204644,diseases,"Forgetta et al., 2022 (PMID: 35147782): HDO/OMIM"
590,ebmd,ANO5,ENSG00000171714,diseases,"Forgetta et al., 2022 (PMID: 35147782): Morris"
591,ebmd,ATP6V0A2,ENSG00000185344,diseases,"Forgetta et al., 2022 (PMID: 35147782): Morris"
592,ebmd,B4GALT7,ENSG00000027847,diseases,"Forgetta et al., 2022 (PMID: 35147782): Morris"
593,ebmd,BMP1,ENSG00000168487,diseases,"Forgetta et al., 2022 (PMID: 35147782): Morris"
594,ebmd,CASR,ENSG00000036828,diseases,"Forgetta et al., 2022 (PMID: 35147782): Morris"
595,ebmd,CLCN5,ENSG00000171365,diseases,"Forgetta et al., 2022 (PMID: 35147782): Morris"
596,ebmd,CLCN7,ENSG00000103249,diseases,"Forgetta et al., 2022 (PMID: 35147782): Morris"
597,ebmd,COL1A1,ENSG00000108821,diseases,"Forgetta et al., 2022 (PMID: 35147782): Morris"
598,ebmd,COL1A2,ENSG00000164692,diseases,"Forgetta et al., 2022 (PMID: 35147782): Morris"
599,ebmd,CREB3L1,ENSG00000157613,diseases,"Forgetta et al., 2022 (PMID: 35147782): Morris"
600,ebmd,CRTAP,ENSG00000170275,diseases,"Forgetta et al., 2022 (PMID: 35147782): Morris"
601,ebmd,DMP1,ENSG00000152592,diseases,"Forgetta et al., 2022 (PMID: 35147782): Morris"
602,ebmd,ENPP1,ENSG00000197594,diseases,"Forgetta et al., 2022 (PMID: 35147782): Morris"
603,ebmd,ESR1,ENSG00000091831,diseases,"Forgetta et al., 2022 (PMID: 35147782): Morris"
604,ebmd,FGF23,ENSG00000118972,diseases,"Forgetta et al., 2022 (PMID: 35147782): Morris"
605,ebmd,FKBP10,ENSG00000141756,diseases,"Forgetta et al., 2022 (PMID: 35147782): Morris"
606,ebmd,GALNT3,ENSG00000115339,diseases,"Forgetta et al., 2022 (PMID: 35147782): Morris"
607,ebmd,GORAB,ENSG00000120370,diseases,"Forgetta et al., 2022 (PMID: 35147782): Morris"
608,ebmd,IDUA,ENSG00000127415,diseases,"Forgetta et al., 2022 (PMID: 35147782): Morris"
609,ebmd,IFIH1,ENSG00000115267,diseases,"Forgetta et al., 2022 (PMID: 35147782): Morris"
610,ebmd,IFITM5,ENSG00000206013,diseases,"Forgetta et al., 2022 (PMID: 35147782): Morris"
611,ebmd,LGR4,ENSG00000205213,diseases,"Forgetta et al., 2022 (PMID: 35147782): Morris"
612,ebmd,LMNA,ENSG00000160789,diseases,"Forgetta et al., 2022 (PMID: 35147782): Morris"
613,ebmd,LRP4,ENSG00000134569,diseases,"Forgetta et al., 2022 (PMID: 35147782): Morris"
614,ebmd,LRP5,ENSG00000162337,diseases,"Forgetta et al., 2022 (PMID: 35147782): Morris"
615,ebmd,MAFB,ENSG00000204103,diseases,"Forgetta et al., 2022 (PMID: 35147782): Morris"
616,ebmd,MMP2,ENSG00000087245,diseases,"Forgetta et al., 2022 (PMID: 35147782): Morris"
617,ebmd,NOTCH2,ENSG00000134250,diseases,"Forgetta et al., 2022 (PMID: 35147782): Morris"
618,ebmd,P3H1,ENSG00000117385,diseases,"Forgetta et al., 2022 (PMID: 35147782): Morris"
619,ebmd,P4HB,ENSG00000185624,diseases,"Forgetta et al., 2022 (PMID: 35147782): Morris"
620,ebmd,PHEX,ENSG00000102174,diseases,"Forgetta et al., 2022 (PMID: 35147782): Morris"
621,ebmd,PLOD2,ENSG00000152952,diseases,"Forgetta et al., 2022 (PMID: 35147782): Morris"
622,ebmd,PLS3,ENSG00000102024,diseases,"Forgetta et al., 2022 (PMID: 35147782): Morris"
623,ebmd,PPIB,ENSG00000166794,diseases,"Forgetta et al., 2022 (PMID: 35147782): Morris"
624,ebmd,PTH1R,ENSG00000160801,diseases,"Forgetta et al., 2022 (PMID: 35147782): Morris"
625,ebmd,PYCR1,ENSG00000183010,diseases,"Forgetta et al., 2022 (PMID: 35147782): Morris"
626,ebmd,RIN3,ENSG00000100599,diseases,"Forgetta et al., 2022 (PMID: 35147782): Morris"
627,ebmd,RUNX2,ENSG00000124813,diseases,"Forgetta et al., 2022 (PMID: 35147782): Morris"
628,ebmd,SEC24D,ENSG00000150961,diseases,"Forgetta et al., 2022 (PMID: 35147782): Morris"
629,ebmd,SEM1,ENSG00000127922,diseases,"Forgetta et al., 2022 (PMID: 35147782): Morris"
630,ebmd,SERPINF1,ENSG00000282307,diseases,"Forgetta et al., 2022 (PMID: 35147782): Morris"
631,ebmd,SERPINF1,ENSG00000132386,diseases,"Forgetta et al., 2022 (PMID: 35147782): Morris"
632,ebmd,SERPINH1,ENSG00000149257,diseases,"Forgetta et al., 2022 (PMID: 35147782): Morris"
633,ebmd,SLC34A3,ENSG00000198569,diseases,"Forgetta et al., 2022 (PMID: 35147782): Morris"
634,ebmd,SOST,ENSG00000167941,diseases,"Forgetta et al., 2022 (PMID: 35147782): Morris"
635,ebmd,SOX9,ENSG00000125398,diseases,"Forgetta et al., 2022 (PMID: 35147782): Morris"
636,ebmd,SP7,ENSG00000291837,diseases,"Forgetta et al., 2022 (PMID: 35147782): Morris"
637,ebmd,SP7,ENSG00000170374,diseases,"Forgetta et al., 2022 (PMID: 35147782): Morris"
638,ebmd,TMEM38B,ENSG00000095209,diseases,"Forgetta et al., 2022 (PMID: 35147782): Morris"
639,ebmd,TNFRSF11A,ENSG00000141655,diseases,"Forgetta et al., 2022 (PMID: 35147782): Morris"
640,ebmd,TNFRSF11B,ENSG00000164761,diseases,"Forgetta et al., 2022 (PMID: 35147782): Morris"
641,ebmd,WNT1,ENSG00000125084,diseases,"Forgetta et al., 2022 (PMID: 35147782): Morris"
642,ebmd,XYLT2,ENSG00000015532,diseases,"Forgetta et al., 2022 (PMID: 35147782): Morris"
643,ebmd,ZMPSTE24,ENSG00000084073,diseases,"Forgetta et al., 2022 (PMID: 35147782): Morris"
644,ebmd,ALPL,ENSG00000162551,diseases,"Forgetta et al., 2022 (PMID: 35147782): Morris"
645,ebmd,ANKH,ENSG00000154122,diseases,"Forgetta et al., 2022 (PMID: 35147782): Morris"
646,dbp,AGTR1,ENSG00000144891,diseases,"Forgetta et al., 2022 (PMID: 35147782): HDO/OMIM"
647,dbp,ATP1B1,ENSG00000143153,diseases,"Forgetta et al., 2022 (PMID: 35147782): HDO/OMIM"
648,dbp,CYP3A5,ENSG00000106258,diseases,"Forgetta et al., 2022 (PMID: 35147782): HDO/OMIM"
649,dbp,ECE1,ENSG00000117298,diseases,"Forgetta et al., 2022 (PMID: 35147782): HDO/OMIM"
650,dbp,GNB3,ENSG00000111664,diseases,"Forgetta et al., 2022 (PMID: 35147782): HDO/OMIM"
651,dbp,HSD11B2,ENSG00000176387,diseases,"Forgetta et al., 2022 (PMID: 35147782): HDO/OMIM"
652,dbp,NOS2,ENSG00000007171,diseases,"Forgetta et al., 2022 (PMID: 35147782): HDO/OMIM"
653,dbp,NOS3,ENSG00000164867,diseases,"Forgetta et al., 2022 (PMID: 35147782): HDO/OMIM"
654,dbp,PLIN1,ENSG00000166819,diseases,"Forgetta et al., 2022 (PMID: 35147782): HDO/OMIM"
655,dbp,PTGIS,ENSG00000124212,diseases,"Forgetta et al., 2022 (PMID: 35147782): HDO/OMIM"
656,dbp,RGS5,ENSG00000143248,diseases,"Forgetta et al., 2022 (PMID: 35147782): HDO/OMIM"
657,dbp,SCNN1B,ENSG00000168447,diseases,"Forgetta et al., 2022 (PMID: 35147782): HDO/OMIM"
658,dbp,ADD1,ENSG00000087274,diseases,"Forgetta et al., 2022 (PMID: 35147782): HDO/OMIM"
659,dbp,AGT,ENSG00000135744,diseases,"Forgetta et al., 2022 (PMID: 35147782): HDO/OMIM"
660,dbp,SERPINA6,ENSG00000277405,diseases,"Forgetta et al., 2022 (PMID: 35147782): HDO/OMIM"
661,dbp,SERPINA6,ENSG00000170099,diseases,"Forgetta et al., 2022 (PMID: 35147782): HDO/OMIM"
662,dbilirubin,ABCC2,ENSG00000023839,diseases,"Forgetta et al., 2022 (PMID: 35147782): HDO/OMIM"
663,dbilirubin,UGT1A1,ENSG00000241635,diseases,"Forgetta et al., 2022 (PMID: 35147782): HDO/OMIM"
664,calcium,GNA11,ENSG00000088256,diseases,"Forgetta et al., 2022 (PMID: 35147782): HDO/OMIM"
665,calcium,TRPM6,ENSG00000119121,diseases,"Forgetta et al., 2022 (PMID: 35147782): HDO/OMIM"
666,calcium,CALCR,ENSG00000004948,drugs,"Forgetta et al., 2022 (PMID: 35147782): DB00017|Salmon Calcitonin"
667,calcium,CASR,ENSG00000036828,drugs,"Forgetta et al., 2022 (PMID: 35147782): DB11093|Calcium Citrate"
668,calcium,CASR,ENSG00000036828,drugs,"Forgetta et al., 2022 (PMID: 35147782): DB01012|Cinacalcet"
669,calcium,FDPS,ENSG00000160752,drugs,"Forgetta et al., 2022 (PMID: 35147782): DB00630|Alendronic acid"
670,calcium,FDPS,ENSG00000160752,drugs,"Forgetta et al., 2022 (PMID: 35147782): DB00282|Pamidronic Acid"
671,calcium,FDPS,ENSG00000160752,drugs,"Forgetta et al., 2022 (PMID: 35147782): DB00884|Risedronic acid"
672,calcium,FDPS,ENSG00000160752,drugs,"Forgetta et al., 2022 (PMID: 35147782): DB00399|Zoledronic acid"
673,calcium,GGPS1,ENSG00000152904,drugs,"Forgetta et al., 2022 (PMID: 35147782): DB00399|Zoledronic acid"
674,calcium,PTH2R,ENSG00000144407,drugs,"Forgetta et al., 2022 (PMID: 35147782): DB05829|Parathyroid hormone"
675,calcium,VDR,ENSG00000111424,drugs,"Forgetta et al., 2022 (PMID: 35147782): DB01436|Alfacalcidol"
676,calcium,VDR,ENSG00000111424,drugs,"Forgetta et al., 2022 (PMID: 35147782): DB00136|Calcitriol"
677,dbp,ACE,ENSG00000159640,drugs,"Forgetta et al., 2022 (PMID: 35147782): DB00178|Ramipril"
678,dbp,ADRB1,ENSG00000043591,drugs,"Forgetta et al., 2022 (PMID: 35147782): DB00335|atenolol"
679,dbp,AGTR1,ENSG00000144891,drugs,"Forgetta et al., 2022 (PMID: 35147782): DB13919|candesartan"
680,dbp,CACNA1C,ENSG00000285479,drugs,"Forgetta et al., 2022 (PMID: 35147782): DB00381|Amlodipine"
681,dbp,CACNA1C,ENSG00000151067,drugs,"Forgetta et al., 2022 (PMID: 35147782): DB00381|Amlodipine"
682,dbp,CACNA1C,ENSG00000285479,drugs,"Forgetta et al., 2022 (PMID: 35147782): DB00661|verapamil"
683,dbp,CACNA1C,ENSG00000151067,drugs,"Forgetta et al., 2022 (PMID: 35147782): DB00661|verapamil"
684,dbp,CACNA1D,ENSG00000157388,drugs,"Forgetta et al., 2022 (PMID: 35147782): DB00661|verapamil"
685,dbp,CACNA1F,ENSG00000102001,drugs,"Forgetta et al., 2022 (PMID: 35147782): DB00661|verapamil"
686,dbp,CACNA1I,ENSG00000100346,drugs,"Forgetta et al., 2022 (PMID: 35147782): DB00381|Amlodipine"
687,dbp,CACNA1S,ENSG00000081248,drugs,"Forgetta et al., 2022 (PMID: 35147782): DB00661|verapamil"
688,dbp,CACNB1,ENSG00000067191,drugs,"Forgetta et al., 2022 (PMID: 35147782): DB00661|verapamil"
689,dbp,CACNB2,ENSG00000165995,drugs,"Forgetta et al., 2022 (PMID: 35147782): DB00661|verapamil"
690,dbp,CACNB3,ENSG00000167535,drugs,"Forgetta et al., 2022 (PMID: 35147782): DB00661|verapamil"
691,dbp,CACNB4,ENSG00000182389,drugs,"Forgetta et al., 2022 (PMID: 35147782): DB00661|verapamil"
692,dbp,CACNG1,ENSG00000108878,drugs,"Forgetta et al., 2022 (PMID: 35147782): DB00381|Amlodipine"
693,dbp,KCNMA1,ENSG00000156113,drugs,"Forgetta et al., 2022 (PMID: 35147782): DB00999|hydrochlorothiazide"
694,dbp,SLC12A3,ENSG00000070915,drugs,"Forgetta et al., 2022 (PMID: 35147782): DB00999|hydrochlorothiazide"
695,ebmd,ESR1,ENSG00000091831,drugs,"Forgetta et al., 2022 (PMID: 35147782): DB00783|Estradiol"
696,ebmd,ESR1,ENSG00000091831,drugs,"Forgetta et al., 2022 (PMID: 35147782): DB00481|Raloxifene"
697,ebmd,ESR2,ENSG00000140009,drugs,"Forgetta et al., 2022 (PMID: 35147782): DB00783|Estradiol"
698,ebmd,ESR2,ENSG00000140009,drugs,"Forgetta et al., 2022 (PMID: 35147782): DB00481|Raloxifene"
699,ebmd,FDPS,ENSG00000160752,drugs,"Forgetta et al., 2022 (PMID: 35147782): DB00630|Alendronic acid"
700,ebmd,FDPS,ENSG00000160752,drugs,"Forgetta et al., 2022 (PMID: 35147782): DB00282|Pamidronic Acid"
701,ebmd,FDPS,ENSG00000160752,drugs,"Forgetta et al., 2022 (PMID: 35147782): DB00884|Risedronic acid"
702,ebmd,FDPS,ENSG00000160752,drugs,"Forgetta et al., 2022 (PMID: 35147782): DB00399|Zoledronic acid"
703,ebmd,GGPS1,ENSG00000152904,drugs,"Forgetta et al., 2022 (PMID: 35147782): DB00399|Zoledronic acid"
704,ebmd,PTH2R,ENSG00000144407,drugs,"Forgetta et al., 2022 (PMID: 35147782): DB05829|Parathyroid hormone"
705,ebmd,SOST,ENSG00000167941,drugs,"Forgetta et al., 2022 (PMID: 35147782): DB11866|Romosozumab"
706,ebmd,TNFSF11,ENSG00000120659,drugs,"Forgetta et al., 2022 (PMID: 35147782): DB06643|Denosumab"
707,ebmd,VDR,ENSG00000111424,drugs,"Forgetta et al., 2022 (PMID: 35147782): DB01436|Alfacalcidol"
708,ebmd,VDR,ENSG00000111424,drugs,"Forgetta et al., 2022 (PMID: 35147782): DB00136|Calcitriol"
709,glucose,ACE,ENSG00000159640,drugs,"Forgetta et al., 2022 (PMID: 35147782): DB00178|Ramipril"
710,glucose,ADRB1,ENSG00000043591,drugs,"Forgetta et al., 2022 (PMID: 35147782): DB00335|atenolol"
711,glucose,AGTR1,ENSG00000144891,drugs,"Forgetta et al., 2022 (PMID: 35147782): DB13919|candesartan"
712,glucose,CACNA1C,ENSG00000285479,drugs,"Forgetta et al., 2022 (PMID: 35147782): DB00381|Amlodipine"
713,glucose,CACNA1C,ENSG00000151067,drugs,"Forgetta et al., 2022 (PMID: 35147782): DB00381|Amlodipine"
714,glucose,CACNA1C,ENSG00000285479,drugs,"Forgetta et al., 2022 (PMID: 35147782): DB00661|verapamil"
715,glucose,CACNA1C,ENSG00000151067,drugs,"Forgetta et al., 2022 (PMID: 35147782): DB00661|verapamil"
716,glucose,CACNA1D,ENSG00000157388,drugs,"Forgetta et al., 2022 (PMID: 35147782): DB00661|verapamil"
717,glucose,CACNA1F,ENSG00000102001,drugs,"Forgetta et al., 2022 (PMID: 35147782): DB00661|verapamil"
718,glucose,CACNA1I,ENSG00000100346,drugs,"Forgetta et al., 2022 (PMID: 35147782): DB00381|Amlodipine"
719,glucose,CACNA1S,ENSG00000081248,drugs,"Forgetta et al., 2022 (PMID: 35147782): DB00661|verapamil"
720,glucose,CACNB1,ENSG00000067191,drugs,"Forgetta et al., 2022 (PMID: 35147782): DB00661|verapamil"
721,glucose,CACNB2,ENSG00000165995,drugs,"Forgetta et al., 2022 (PMID: 35147782): DB00661|verapamil"
722,glucose,CACNB3,ENSG00000167535,drugs,"Forgetta et al., 2022 (PMID: 35147782): DB00661|verapamil"
723,glucose,CACNB4,ENSG00000182389,drugs,"Forgetta et al., 2022 (PMID: 35147782): DB00661|verapamil"
724,glucose,CACNG1,ENSG00000108878,drugs,"Forgetta et al., 2022 (PMID: 35147782): DB00381|Amlodipine"
725,glucose,GCGR,ENSG00000288269,drugs,"Forgetta et al., 2022 (PMID: 35147782): DB00040|Glucagon"
726,glucose,GCGR,ENSG00000215644,drugs,"Forgetta et al., 2022 (PMID: 35147782): DB00040|Glucagon"
727,glucose,KCNMA1,ENSG00000156113,drugs,"Forgetta et al., 2022 (PMID: 35147782): DB00999|hydrochlorothiazide"
728,glucose,PRKAB1,ENSG00000111725,drugs,"Forgetta et al., 2022 (PMID: 35147782): DB00331|metformin"
729,glucose,SLC12A3,ENSG00000070915,drugs,"Forgetta et al., 2022 (PMID: 35147782): DB00999|hydrochlorothiazide"
730,height,GHR,ENSG00000112964,drugs,"Forgetta et al., 2022 (PMID: 35147782): DB00052|Somatotropin"
731,height,PRLR,ENSG00000113494,drugs,"Forgetta et al., 2022 (PMID: 35147782): DB00052|Somatotropin"
732,ldl,APOB,ENSG00000291544,drugs,"Forgetta et al., 2022 (PMID: 35147782): DB05528|mipomersen"
733,ldl,APOB,ENSG00000084674,drugs,"Forgetta et al., 2022 (PMID: 35147782): DB05528|mipomersen"
734,ldl,HMGCR,ENSG00000113161,drugs,"Forgetta et al., 2022 (PMID: 35147782): DB01076|atorvastatin"
735,ldl,NPC1L1,ENSG00000015520,drugs,"Forgetta et al., 2022 (PMID: 35147782): DB00973|ezetimibe"
736,ldl,PCSK9,ENSG00000169174,drugs,"Forgetta et al., 2022 (PMID: 35147782): DB09303|Evolocumab"
737,ldl,SOAT1,ENSG00000057252,drugs,"Forgetta et al., 2022 (PMID: 35147782): DB00973|ezetimibe"
738,rbc,EPOR,ENSG00000187266,drugs,"Forgetta et al., 2022 (PMID: 35147782): DB00016|Erythropoietin"
739,rbc,IFNAR1,ENSG00000142166,drugs,"Forgetta et al., 2022 (PMID: 35147782): DB05258|Interferon Alfa"
740,rbc,MTR,ENSG00000116984,drugs,"Forgetta et al., 2022 (PMID: 35147782): DB00115|Cyanocobalamin"
741,rbc,RRM1,ENSG00000167325,drugs,"Forgetta et al., 2022 (PMID: 35147782): DB01005|Hydroxyurea"
742,rbc,TFRC,ENSG00000072274,drugs,"Forgetta et al., 2022 (PMID: 35147782): DB01592|Iron"
743,sbp,ACE,ENSG00000159640,drugs,"Forgetta et al., 2022 (PMID: 35147782): DB00178|Ramipril"
744,sbp,ADRB1,ENSG00000043591,drugs,"Forgetta et al., 2022 (PMID: 35147782): DB00335|atenolol"
745,sbp,AGTR1,ENSG00000144891,drugs,"Forgetta et al., 2022 (PMID: 35147782): DB13919|candesartan"
746,sbp,CACNA1C,ENSG00000285479,drugs,"Forgetta et al., 2022 (PMID: 35147782): DB00381|Amlodipine"
747,sbp,CACNA1C,ENSG00000151067,drugs,"Forgetta et al., 2022 (PMID: 35147782): DB00381|Amlodipine"
748,sbp,CACNA1C,ENSG00000285479,drugs,"Forgetta et al., 2022 (PMID: 35147782): DB00661|verapamil"
749,sbp,CACNA1C,ENSG00000151067,drugs,"Forgetta et al., 2022 (PMID: 35147782): DB00661|verapamil"
750,sbp,CACNA1D,ENSG00000157388,drugs,"Forgetta et al., 2022 (PMID: 35147782): DB00661|verapamil"
751,sbp,CACNA1F,ENSG00000102001,drugs,"Forgetta et al., 2022 (PMID: 35147782): DB00661|verapamil"
752,sbp,CACNA1I,ENSG00000100346,drugs,"Forgetta et al., 2022 (PMID: 35147782): DB00381|Amlodipine"
753,sbp,CACNA1S,ENSG00000081248,drugs,"Forgetta et al., 2022 (PMID: 35147782): DB00661|verapamil"
754,sbp,CACNB1,ENSG00000067191,drugs,"Forgetta et al., 2022 (PMID: 35147782): DB00661|verapamil"
755,sbp,CACNB2,ENSG00000165995,drugs,"Forgetta et al., 2022 (PMID: 35147782): DB00661|verapamil"
756,sbp,CACNB3,ENSG00000167535,drugs,"Forgetta et al., 2022 (PMID: 35147782): DB00661|verapamil"
757,sbp,CACNB4,ENSG00000182389,drugs,"Forgetta et al., 2022 (PMID: 35147782): DB00661|verapamil"
758,sbp,CACNG1,ENSG00000108878,drugs,"Forgetta et al., 2022 (PMID: 35147782): DB00381|Amlodipine"
759,sbp,KCNMA1,ENSG00000156113,drugs,"Forgetta et al., 2022 (PMID: 35147782): DB00999|hydrochlorothiazide"
760,sbp,SLC12A3,ENSG00000070915,drugs,"Forgetta et al., 2022 (PMID: 35147782): DB00999|hydrochlorothiazide"
761,t2d,ABCC8,ENSG00000006071,drugs,"Forgetta et al., 2022 (PMID: 35147782): DB01016|glyburide"
762,t2d,DPP4,ENSG00000197635,drugs,"Forgetta et al., 2022 (PMID: 35147782): DB01261|sitagliptin"
763,t2d,GLP1R,ENSG00000112164,drugs,"Forgetta et al., 2022 (PMID: 35147782): DB06655|liraglutide"
764,t2d,INSR,ENSG00000171105,drugs,"Forgetta et al., 2022 (PMID: 35147782): DB01306|Insulin Aspart"
765,t2d,PPARG,ENSG00000132170,drugs,"Forgetta et al., 2022 (PMID: 35147782): DB01132|pioglitazone"
766,t2d,PRKAB1,ENSG00000111725,drugs,"Forgetta et al., 2022 (PMID: 35147782): DB00331|metformin"
767,t2d,SLC5A2,ENSG00000140675,drugs,"Forgetta et al., 2022 (PMID: 35147782): DB09038|empagliflozin"
768,tg,HCAR2,ENSG00000182782,drugs,"Forgetta et al., 2022 (PMID: 35147782): DB00627|Niacin"
769,tg,HCAR3,ENSG00000255398,drugs,"Forgetta et al., 2022 (PMID: 35147782): DB00627|Niacin"
770,tg,HMGCR,ENSG00000113161,drugs,"Forgetta et al., 2022 (PMID: 35147782): DB01076|atorvastatin"
771,tg,NNMT,ENSG00000166741,drugs,"Forgetta et al., 2022 (PMID: 35147782): DB00627|Niacin"
772,tg,PPARA,ENSG00000186951,drugs,"Forgetta et al., 2022 (PMID: 35147782): DB01241|gemfibrozil"
773,tg,QPRT,ENSG00000103485,drugs,"Forgetta et al., 2022 (PMID: 35147782): DB00627|Niacin"
774,BMI,GLP1R,ENSG00000112164,drugs,DB13928|Semaglutide
775,WHR,GLP1R,ENSG00000112164,drugs,DB13928|Semaglutide
776,dbilirubin,UGT1A8,ENSG00000242366,expert curated,OpenTarget_positive_control_genes
777,glucose,G6PC2,ENSG00000152254,expert curated,OpenTarget_positive_control_genes
778,Cancer_of_prostate,AR,ENSG00000169083,drug,OpenTarget_positive_control_genes
779,Osteoarthritis_localized,F10,ENSG00000126218,drug,OpenTarget_positive_control_genes
780,hypertension,TNF,ENSG00000232810,drug,OpenTarget_positive_control_genes
781,t2d,PAX4,ENSG00000106331,functional observational,OpenTarget_positive_control_genes
782,t2d,HNF4A,ENSG00000101076,functional observational,OpenTarget_positive_control_genes
783,calcium,CYP24A1,ENSG00000019186,expert curated,OpenTarget_positive_control_genes
784,calcium,CASR,ENSG00000036828,expert curated,OpenTarget_positive_control_genes
785,ldl,PCSK9,ENSG00000169174,expert curated,OpenTarget_positive_control_genes
786,Hypercholesterolemia,PCSK9,ENSG00000169174,expert curated,OpenTarget_positive_control_genes
787,ldl,HP,ENSG00000257017,expert curated,OpenTarget_positive_control_genes
788,Hypercholesterolemia,HP,ENSG00000257017,expert curated,OpenTarget_positive_control_genes
789,ldl,NPC1L1,ENSG00000015520,expert curated,OpenTarget_positive_control_genes
790,Hypercholesterolemia,NPC1L1,ENSG00000015520,expert curated,OpenTarget_positive_control_genes
791,ldl,APOB,ENSG00000084674,expert curated,OpenTarget_positive_control_genes
792,Hypercholesterolemia,APOB,ENSG00000084674,expert curated,OpenTarget_positive_control_genes
793,ldl,APOH,ENSG00000091583,expert curated,OpenTarget_positive_control_genes
794,Hypercholesterolemia,APOH,ENSG00000091583,expert curated,OpenTarget_positive_control_genes
795,Breast_cancer,ESR1,ENSG00000091831,drug,OpenTarget_positive_control_genes
796,Cancer_of_prostate,ESR2,ENSG00000140009,drug,OpenTarget_positive_control_genes
797,tg,MLXIPL,ENSG00000009950,expert curated,OpenTarget_positive_control_genes
798,Breast_cancer,ALK,ENSG00000171094,functional observational,OpenTarget_positive_control_genes
799,Breast_cancer,ABHD8,ENSG00000127220,functional observational|functional experimental,OpenTarget_positive_control_genes
800,Breast_cancer,KLF5,ENSG00000102554,functional observational,OpenTarget_positive_control_genes
801,t2d,ZMIZ1,ENSG00000108175,functional observational,OpenTarget_positive_control_genes
802,t2d,CAMK1D,ENSG00000183049,functional observational,OpenTarget_positive_control_genes
803,Breast_cancer,CCND1,ENSG00000110092,functional observational|functional experimental,OpenTarget_positive_control_genes
804,Breast_cancer,TBX3,ENSG00000135111,functional observational,OpenTarget_positive_control_genes
805,Breast_cancer,CHEK2,ENSG00000183765,functional observational,OpenTarget_positive_control_genes
806,Breast_cancer,ZFP36L1,ENSG00000185650,functional observational,OpenTarget_positive_control_genes
807,Breast_cancer,CASP8,ENSG00000064012,functional observational,OpenTarget_positive_control_genes
808,Breast_cancer,FDPS,ENSG00000160752,drug,OpenTarget_positive_control_genes
809,Breast_cancer,MYC,ENSG00000136997,functional observational,OpenTarget_positive_control_genes
810,Breast_cancer,DNMT3A,ENSG00000119772,functional observational,OpenTarget_positive_control_genes
811,Breast_cancer,SETBP1,ENSG00000152217,functional observational,OpenTarget_positive_control_genes
812,Breast_cancer,CCND1,ENSG00000110092,functional observational,OpenTarget_positive_control_genes
813,Breast_cancer,CUX1,ENSG00000257923,functional observational,OpenTarget_positive_control_genes
814,Breast_cancer,ATF7IP,ENSG00000171681,functional observational,OpenTarget_positive_control_genes
815,Breast_cancer,BRCA2,ENSG00000139618,functional observational,OpenTarget_positive_control_genes
816,Breast_cancer,MAP3K1,ENSG00000095015,functional observational,OpenTarget_positive_control_genes
817,Breast_cancer,FGFR2,ENSG00000066468,functional observational,OpenTarget_positive_control_genes
818,Breast_cancer,NF1,ENSG00000196712,functional observational,OpenTarget_positive_control_genes
819,Breast_cancer,IGFBP5,ENSG00000115461,functional observational|functional experimental,OpenTarget_positive_control_genes
820,Breast_cancer,FGF10,ENSG00000070193,functional observational|functional experimental,OpenTarget_positive_control_genes
821,Breast_cancer,TGFBR2,ENSG00000163513,functional observational,OpenTarget_positive_control_genes
822,Breast_cancer,TET2,ENSG00000168769,functional observational,OpenTarget_positive_control_genes
823,Breast_cancer,CREBBP,ENSG00000005339,functional observational,OpenTarget_positive_control_genes
824,Breast_cancer,ATM,ENSG00000149311,functional observational,OpenTarget_positive_control_genes
825,Breast_cancer,CCNE1,ENSG00000105173,functional observational,OpenTarget_positive_control_genes
826,Breast_cancer,EPOR,ENSG00000187266,drug,OpenTarget_positive_control_genes
827,t2d,NEUROG3,ENSG00000122859,functional observational,OpenTarget_positive_control_genes
828,dbilirubin,UGT1A1,ENSG00000241635,expert curated,OpenTarget_positive_control_genes
829,Atrial_fibrillation,NR3C2,ENSG00000151623,drug,OpenTarget_positive_control_genes
830,Atrial_fibrillation,KCNJ2,ENSG00000123700,drug,OpenTarget_positive_control_genes
831,Atrial_fibrillation,NR3C1,ENSG00000113580,drug,OpenTarget_positive_control_genes
832,Cancer_of_prostate,CYP17A1,ENSG00000148795,drug,OpenTarget_positive_control_genes
833,Cancer_of_prostate,TUBB,ENSG00000196230,drug,OpenTarget_positive_control_genes
834,Cancer_of_prostate,VDR,ENSG00000111424,drug,OpenTarget_positive_control_genes
835,Cancer_of_prostate,HTR3A,ENSG00000166736,drug,OpenTarget_positive_control_genes
836,Cancer_of_prostate,CTSK,ENSG00000143387,drug,OpenTarget_positive_control_genes
837,t2d,IGF2,ENSG00000167244,functional observational,OpenTarget_positive_control_genes
838,Atrial_fibrillation,SCN5A,ENSG00000183873,drug,OpenTarget_positive_control_genes
839,Atrial_fibrillation,KCNH2,ENSG00000055118,drug,OpenTarget_positive_control_genes
840,Atrial_fibrillation,HCN4,ENSG00000138622,drug,OpenTarget_positive_control_genes
841,Atrial_fibrillation,F10,ENSG00000126218,drug,OpenTarget_positive_control_genes
842,ebmd,TNFRSF11A,ENSG00000141655,expert curated,OpenTarget_positive_control_genes
843,ebmd,WNT16,ENSG00000002745,expert curated,OpenTarget_positive_control_genes
844,ldl,LDLR,ENSG00000130164,expert curated,OpenTarget_positive_control_genes
845,Hypercholesterolemia,LDLR,ENSG00000130164,expert curated,OpenTarget_positive_control_genes
846,t2d,MTNR1B,ENSG00000134640,functional observational,OpenTarget_positive_control_genes
847,t2d,WFS1,ENSG00000109501,functional observational,OpenTarget_positive_control_genes
848,t2d,RREB1,ENSG00000124782,functional observational,OpenTarget_positive_control_genes
849,t2d,KLHL42,ENSG00000087448,functional observational,OpenTarget_positive_control_genes
850,t2d,SLC30A8,ENSG00000164756,functional observational,OpenTarget_positive_control_genes
851,t2d,DGKB,ENSG00000136267,functional observational,OpenTarget_positive_control_genes
852,t2d,GLIS3,ENSG00000107249,functional observational,OpenTarget_positive_control_genes
853,t2d,PPARG,ENSG00000132170,drug,OpenTarget_positive_control_genes
854,t2d,PAM,ENSG00000145730,functional observational,OpenTarget_positive_control_genes
855,t2d,GCK,ENSG00000106633,functional observational,OpenTarget_positive_control_genes
856,t2d,MNX1,ENSG00000130675,functional observational,OpenTarget_positive_control_genes
857,t2d,ACE,ENSG00000159640,drug,OpenTarget_positive_control_genes
858,t2d,CCND2,ENSG00000118971,functional observational,OpenTarget_positive_control_genes
859,t2d,TCF7L2,ENSG00000148737,functional observational,OpenTarget_positive_control_genes
860,t2d,ANKH,ENSG00000154122,functional observational,OpenTarget_positive_control_genes
861,t2d,HNF1A,ENSG00000135100,functional observational,OpenTarget_positive_control_genes
862,t2d,ABCB9,ENSG00000150967,functional observational,OpenTarget_positive_control_genes
863,t2d,STARD10,ENSG00000214530,functional observational,OpenTarget_positive_control_genes
864,t2d,BCAR1,ENSG00000050820,functional observational,OpenTarget_positive_control_genes
865,t2d,SLC2A2,ENSG00000163581,functional observational,OpenTarget_positive_control_genes
866,ebmd,FAM210A,ENSG00000177150,expert curated,OpenTarget_positive_control_genes
867,Osteoarthritis_localized,PTHLH,ENSG00000087494,expert curated,OpenTarget_positive_control_genes
868,Osteoarthritis_localized,LMX1B,ENSG00000136944,expert curated,OpenTarget_positive_control_genes
869,Osteoarthritis_localized,BMP5,ENSG00000112175,expert curated,OpenTarget_positive_control_genes
870,Osteoarthritis_localized,COL11A1,ENSG00000060718,expert curated,OpenTarget_positive_control_genes
871,Osteoarthritis_localized,COLGALT2,ENSG00000198756,expert curated,OpenTarget_positive_control_genes
872,Breast_cancer,MMP9,ENSG00000100985,drug,OpenTarget_positive_control_genes
873,Breast_cancer,TUBB1,ENSG00000101162,drug,OpenTarget_positive_control_genes
874,Major_depressive_disorder,ESR2,ENSG00000140009,drug,OpenTarget_positive_control_genes
875,Major_depressive_disorder,GPD2,ENSG00000115159,drug,OpenTarget_positive_control_genes
876,t2d,LPL,ENSG00000175445,functional observational,OpenTarget_positive_control_genes
877,t2d,POC5,ENSG00000152359,functional observational,OpenTarget_positive_control_genes
878,t2d,GCKR,ENSG00000084734,functional observational,OpenTarget_positive_control_genes
879,t2d,KCNJ11,ENSG00000187486,functional observational,OpenTarget_positive_control_genes
880,t2d,TM6SF2,ENSG00000213996,functional observational,OpenTarget_positive_control_genes
881,t2d,GLP1R,ENSG00000112164,drug,OpenTarget_positive_control_genes
882,t2d,C2CD4B,ENSG00000205502,functional observational,OpenTarget_positive_control_genes
883,t2d,WSCD2,ENSG00000075035,functional observational,OpenTarget_positive_control_genes
884,t2d,GIPR,ENSG00000010310,functional observational,OpenTarget_positive_control_genes
885,t2d,SLC16A11,ENSG00000174326,functional observational,OpenTarget_positive_control_genes
886,hypertension,VDR,ENSG00000111424,drug,OpenTarget_positive_control_genes
887,hypertension,ADRB1,ENSG00000043591,drug,OpenTarget_positive_control_genes
888,hypertension,NPR1,ENSG00000169418,drug,OpenTarget_positive_control_genes
889,hypertension,KCNK2,ENSG00000082482,drug,OpenTarget_positive_control_genes
890,hypertension,ADRB2,ENSG00000169252,drug,OpenTarget_positive_control_genes
891,hypertension,KCNK3,ENSG00000171303,drug,OpenTarget_positive_control_genes
892,BMI,GDF5,ENSG00000125965,expert curated,OpenTarget_positive_control_genes
893,WHR,GDF5,ENSG00000125965,expert curated,OpenTarget_positive_control_genes
894,BMI,BMP6,ENSG00000153162,expert curated,OpenTarget_positive_control_genes
895,WHR,BMP6,ENSG00000153162,expert curated,OpenTarget_positive_control_genes
896,BMI,BMP2,ENSG00000125845,expert curated,OpenTarget_positive_control_genes
897,WHR,BMP2,ENSG00000125845,expert curated,OpenTarget_positive_control_genes
898,BMI,MC4R,ENSG00000166603,expert curated,OpenTarget_positive_control_genes
899,WHR,MC4R,ENSG00000166603,expert curated,OpenTarget_positive_control_genes
900,Osteoarthritis_localized,TLR9,ENSG00000239732,drug,OpenTarget_positive_control_genes

