Trait,hgnc_gene_name,ensg_gene_name,databases.categories,source
t2d,SLC2A2,ENSG00000163581,OMIM,MendelVar
t2d,HNF1A,ENSG00000135100,Genomics England;OMIM,MendelVar
t2d,HNF1B,ENSG00000275410,Genomics England;OMIM,MendelVar
t2d,TCF7L2,ENSG00000148737,OMIM,MendelVar
t2d,WFS1,ENSG00000109501,Genomics England;OMIM,MendelVar
t2d,CAPN10,ENSG00000142330,OMIM,MendelVar
t2d,SLC30A8,ENSG00000164756,OMIM,MendelVar
t2d,RETN,ENSG00000104918,OMIM,MendelVar
t2d,IGF2BP2,ENSG00000073792,OMIM,MendelVar
t2d,ENPP1,ENSG00000197594,OMIM,MendelVar
t2d,AKT2,ENSG00000105221,Genomics England;OMIM,MendelVar
t2d,GCK,ENSG00000106633,Genomics England;OMIM,MendelVar
t2d,GPD2,ENSG00000115159,OMIM,MendelVar
t2d,HMGA1,ENSG00000137309,OMIM,MendelVar
t2d,HNF4A,ENSG00000101076,Genomics England;OMIM,MendelVar
t2d,ABCC8,ENSG00000006071,Genomics England;OMIM,MendelVar
t2d,IL6,ENSG00000136244,OMIM,MendelVar
t2d,PDX1,ENSG00000139515,OMIM,MendelVar
t2d,IRS1,ENSG00000169047,OMIM,MendelVar
t2d,IRS2,ENSG00000185950,OMIM,MendelVar
t2d,KCNJ11,ENSG00000187486,Genomics England;OMIM,MendelVar
t2d,LIPC,ENSG00000166035,Genomics England;OMIM,MendelVar
t2d,MAPK8IP1,ENSG00000121653,OMIM,MendelVar
t2d,MTNR1B,ENSG00000134640,OMIM,MendelVar
t2d,NEUROD1,ENSG00000162992,Genomics England;OMIM,MendelVar
t2d,PAX4,ENSG00000106331,OMIM,MendelVar
t2d,PPARG,ENSG00000132170,Genomics England;OMIM,MendelVar
t2d,PPP1R3A,ENSG00000154415,OMIM,MendelVar
t2d,PTPN1,ENSG00000196396,OMIM,MendelVar
tg,ABCA1,ENSG00000165029,diseases,"Forgetta et al., 2022 (PMID: 35147782): HDO/OMIM"
tg,ANGPTL3,ENSG00000132855,diseases,"Forgetta et al., 2022 (PMID: 35147782): HDO/OMIM"
tg,APOA2,ENSG00000158874,diseases,"Forgetta et al., 2022 (PMID: 35147782): HDO/OMIM"
tg,APOA5,ENSG00000110243,diseases,"Forgetta et al., 2022 (PMID: 35147782): HDO/OMIM"
tg,APOB,ENSG00000291544,diseases,"Forgetta et al., 2022 (PMID: 35147782): HDO/OMIM"
tg,APOB,ENSG00000084674,diseases,"Forgetta et al., 2022 (PMID: 35147782): HDO/OMIM"
tg,APOE,ENSG00000130203,diseases,"Forgetta et al., 2022 (PMID: 35147782): HDO/OMIM"
tg,DHCR7,ENSG00000172893,diseases,"Forgetta et al., 2022 (PMID: 35147782): HDO/OMIM"
tg,EPHX2,ENSG00000120915,diseases,"Forgetta et al., 2022 (PMID: 35147782): HDO/OMIM"
tg,GHR,ENSG00000112964,diseases,"Forgetta et al., 2022 (PMID: 35147782): HDO/OMIM"
tg,ITIH4,ENSG00000055955,diseases,"Forgetta et al., 2022 (PMID: 35147782): HDO/OMIM"
tg,LDLR,ENSG00000130164,diseases,"Forgetta et al., 2022 (PMID: 35147782): HDO/OMIM"
tg,LDLRAP1,ENSG00000157978,diseases,"Forgetta et al., 2022 (PMID: 35147782): HDO/OMIM"
tg,LIPA,ENSG00000107798,diseases,"Forgetta et al., 2022 (PMID: 35147782): HDO/OMIM"
tg,LIPI,ENSG00000188992,diseases,"Forgetta et al., 2022 (PMID: 35147782): HDO/OMIM"
tg,LPL,ENSG00000175445,diseases,"Forgetta et al., 2022 (PMID: 35147782): HDO/OMIM"
tg,MTTP,ENSG00000138823,diseases,"Forgetta et al., 2022 (PMID: 35147782): HDO/OMIM"
tg,PPP1R17,ENSG00000106341,diseases,"Forgetta et al., 2022 (PMID: 35147782): HDO/OMIM"
t2d,ABCC8,ENSG00000006071,diseases,"Forgetta et al., 2022 (PMID: 35147782): HDO/OMIM"
t2d,AKT2,ENSG00000105221,diseases,"Forgetta et al., 2022 (PMID: 35147782): HDO/OMIM"
t2d,APPL1,ENSG00000157500,diseases,"Forgetta et al., 2022 (PMID: 35147782): HDO/OMIM"
t2d,BLK,ENSG00000285369,diseases,"Forgetta et al., 2022 (PMID: 35147782): HDO/OMIM"
t2d,BLK,ENSG00000136573,diseases,"Forgetta et al., 2022 (PMID: 35147782): HDO/OMIM"
t2d,CAPN10,ENSG00000142330,diseases,"Forgetta et al., 2022 (PMID: 35147782): HDO/OMIM"
t2d,CEL,ENSG00000170835,diseases,"Forgetta et al., 2022 (PMID: 35147782): HDO/OMIM"
t2d,CISD2,ENSG00000145354,diseases,"Forgetta et al., 2022 (PMID: 35147782): HDO/OMIM"
t2d,CP,ENSG00000047457,diseases,"Forgetta et al., 2022 (PMID: 35147782): HDO/OMIM"
t2d,EIF2AK3,ENSG00000172071,diseases,"Forgetta et al., 2022 (PMID: 35147782): HDO/OMIM"
t2d,ENPP1,ENSG00000197594,diseases,"Forgetta et al., 2022 (PMID: 35147782): HDO/OMIM"
t2d,GCGR,ENSG00000288269,diseases,"Forgetta et al., 2022 (PMID: 35147782): HDO/OMIM"
t2d,GCGR,ENSG00000215644,diseases,"Forgetta et al., 2022 (PMID: 35147782): HDO/OMIM"
t2d,GCK,ENSG00000106633,diseases,"Forgetta et al., 2022 (PMID: 35147782): HDO/OMIM"
t2d,GLIS3,ENSG00000107249,diseases,"Forgetta et al., 2022 (PMID: 35147782): HDO/OMIM"
t2d,GLUD1,ENSG00000148672,diseases,"Forgetta et al., 2022 (PMID: 35147782): HDO/OMIM"
t2d,GPD2,ENSG00000115159,diseases,"Forgetta et al., 2022 (PMID: 35147782): HDO/OMIM"
t2d,HADH,ENSG00000138796,diseases,"Forgetta et al., 2022 (PMID: 35147782): HDO/OMIM"
t2d,HMGA1,ENSG00000137309,diseases,"Forgetta et al., 2022 (PMID: 35147782): HDO/OMIM"
t2d,HNF1A,ENSG00000135100,diseases,"Forgetta et al., 2022 (PMID: 35147782): HDO/OMIM"
t2d,HNF1B,ENSG00000276194,diseases,"Forgetta et al., 2022 (PMID: 35147782): HDO/OMIM"
t2d,HNF1B,ENSG00000275410,diseases,"Forgetta et al., 2022 (PMID: 35147782): HDO/OMIM"
t2d,HNF4A,ENSG00000101076,diseases,"Forgetta et al., 2022 (PMID: 35147782): HDO/OMIM"
t2d,IGF2BP2,ENSG00000073792,diseases,"Forgetta et al., 2022 (PMID: 35147782): HDO/OMIM"
t2d,INS,ENSG00000254647,diseases,"Forgetta et al., 2022 (PMID: 35147782): HDO/OMIM"
t2d,INSR,ENSG00000171105,diseases,"Forgetta et al., 2022 (PMID: 35147782): HDO/OMIM"
t2d,IRS1,ENSG00000169047,diseases,"Forgetta et al., 2022 (PMID: 35147782): HDO/OMIM"
t2d,IRS2,ENSG00000185950,diseases,"Forgetta et al., 2022 (PMID: 35147782): HDO/OMIM"
t2d,KCNJ11,ENSG00000187486,diseases,"Forgetta et al., 2022 (PMID: 35147782): HDO/OMIM"
t2d,KLF11,ENSG00000172059,diseases,"Forgetta et al., 2022 (PMID: 35147782): HDO/OMIM"
t2d,LIPC,ENSG00000166035,diseases,"Forgetta et al., 2022 (PMID: 35147782): HDO/OMIM"
t2d,MAPK8IP1,ENSG00000121653,diseases,"Forgetta et al., 2022 (PMID: 35147782): HDO/OMIM"
t2d,MTNR1B,ENSG00000134640,diseases,"Forgetta et al., 2022 (PMID: 35147782): HDO/OMIM"
t2d,MTTP,ENSG00000138823,diseases,"Forgetta et al., 2022 (PMID: 35147782): HDO/OMIM"
t2d,NEUROD1,ENSG00000162992,diseases,"Forgetta et al., 2022 (PMID: 35147782): HDO/OMIM"
t2d,PAX4,ENSG00000106331,diseases,"Forgetta et al., 2022 (PMID: 35147782): HDO/OMIM"
t2d,PDX1,ENSG00000139515,diseases,"Forgetta et al., 2022 (PMID: 35147782): HDO/OMIM"
t2d,PLAGL1,ENSG00000118495,diseases,"Forgetta et al., 2022 (PMID: 35147782): HDO/OMIM"
t2d,PLIN1,ENSG00000166819,diseases,"Forgetta et al., 2022 (PMID: 35147782): HDO/OMIM"
t2d,PPARG,ENSG00000132170,diseases,"Forgetta et al., 2022 (PMID: 35147782): HDO/OMIM"
t2d,PPP1R3A,ENSG00000154415,diseases,"Forgetta et al., 2022 (PMID: 35147782): HDO/OMIM"
t2d,PTPN1,ENSG00000196396,diseases,"Forgetta et al., 2022 (PMID: 35147782): HDO/OMIM"
t2d,RETN,ENSG00000104918,diseases,"Forgetta et al., 2022 (PMID: 35147782): HDO/OMIM"
t2d,SLC16A1,ENSG00000281917,diseases,"Forgetta et al., 2022 (PMID: 35147782): HDO/OMIM"
t2d,SLC16A1,ENSG00000155380,diseases,"Forgetta et al., 2022 (PMID: 35147782): HDO/OMIM"
t2d,SLC2A2,ENSG00000163581,diseases,"Forgetta et al., 2022 (PMID: 35147782): HDO/OMIM"
t2d,SLC30A8,ENSG00000164756,diseases,"Forgetta et al., 2022 (PMID: 35147782): HDO/OMIM"
t2d,TCF7L2,ENSG00000148737,diseases,"Forgetta et al., 2022 (PMID: 35147782): HDO/OMIM"
t2d,TPI1,ENSG00000111669,diseases,"Forgetta et al., 2022 (PMID: 35147782): HDO/OMIM"
t2d,WFS1,ENSG00000109501,diseases,"Forgetta et al., 2022 (PMID: 35147782): HDO/OMIM"
t2d,ZFP57,ENSG00000226858,diseases,"Forgetta et al., 2022 (PMID: 35147782): HDO/OMIM"
t2d,ZFP57,ENSG00000223852,diseases,"Forgetta et al., 2022 (PMID: 35147782): HDO/OMIM"
t2d,ZFP57,ENSG00000232099,diseases,"Forgetta et al., 2022 (PMID: 35147782): HDO/OMIM"
t2d,ZFP57,ENSG00000227858,diseases,"Forgetta et al., 2022 (PMID: 35147782): HDO/OMIM"
t2d,ZFP57,ENSG00000223858,diseases,"Forgetta et al., 2022 (PMID: 35147782): HDO/OMIM"
t2d,ZFP57,ENSG00000234669,diseases,"Forgetta et al., 2022 (PMID: 35147782): HDO/OMIM"
t2d,ZFP57,ENSG00000206510,diseases,"Forgetta et al., 2022 (PMID: 35147782): HDO/OMIM"
t2d,ZFP57,ENSG00000204644,diseases,"Forgetta et al., 2022 (PMID: 35147782): HDO/OMIM"
sbp,ADD1,ENSG00000087274,diseases,"Forgetta et al., 2022 (PMID: 35147782): HDO/OMIM"
sbp,AGT,ENSG00000135744,diseases,"Forgetta et al., 2022 (PMID: 35147782): HDO/OMIM"
sbp,AGTR1,ENSG00000144891,diseases,"Forgetta et al., 2022 (PMID: 35147782): HDO/OMIM"
sbp,ATP1B1,ENSG00000143153,diseases,"Forgetta et al., 2022 (PMID: 35147782): HDO/OMIM"
sbp,CYP3A5,ENSG00000106258,diseases,"Forgetta et al., 2022 (PMID: 35147782): HDO/OMIM"
sbp,ECE1,ENSG00000117298,diseases,"Forgetta et al., 2022 (PMID: 35147782): HDO/OMIM"
sbp,GNB3,ENSG00000111664,diseases,"Forgetta et al., 2022 (PMID: 35147782): HDO/OMIM"
sbp,HSD11B2,ENSG00000176387,diseases,"Forgetta et al., 2022 (PMID: 35147782): HDO/OMIM"
sbp,NOS2,ENSG00000007171,diseases,"Forgetta et al., 2022 (PMID: 35147782): HDO/OMIM"
sbp,NOS3,ENSG00000164867,diseases,"Forgetta et al., 2022 (PMID: 35147782): HDO/OMIM"
sbp,PLIN1,ENSG00000166819,diseases,"Forgetta et al., 2022 (PMID: 35147782): HDO/OMIM"
sbp,PTGIS,ENSG00000124212,diseases,"Forgetta et al., 2022 (PMID: 35147782): HDO/OMIM"
sbp,RGS5,ENSG00000143248,diseases,"Forgetta et al., 2022 (PMID: 35147782): HDO/OMIM"
sbp,SCNN1B,ENSG00000168447,diseases,"Forgetta et al., 2022 (PMID: 35147782): HDO/OMIM"
sbp,SERPINA6,ENSG00000277405,diseases,"Forgetta et al., 2022 (PMID: 35147782): HDO/OMIM"
sbp,SERPINA6,ENSG00000170099,diseases,"Forgetta et al., 2022 (PMID: 35147782): HDO/OMIM"
rbc,ABCB7,ENSG00000131269,diseases,"Forgetta et al., 2022 (PMID: 35147782): HDO/OMIM"
rbc,AK1,ENSG00000106992,diseases,"Forgetta et al., 2022 (PMID: 35147782): HDO/OMIM"
rbc,ALAS2,ENSG00000158578,diseases,"Forgetta et al., 2022 (PMID: 35147782): HDO/OMIM"
rbc,AMN,ENSG00000166126,diseases,"Forgetta et al., 2022 (PMID: 35147782): HDO/OMIM"
rbc,ANK1,ENSG00000029534,diseases,"Forgetta et al., 2022 (PMID: 35147782): HDO/OMIM"
rbc,BRCA2,ENSG00000139618,diseases,"Forgetta et al., 2022 (PMID: 35147782): HDO/OMIM"
rbc,BRIP1,ENSG00000136492,diseases,"Forgetta et al., 2022 (PMID: 35147782): HDO/OMIM"
rbc,CDAN1,ENSG00000140326,diseases,"Forgetta et al., 2022 (PMID: 35147782): HDO/OMIM"
rbc,CUBN,ENSG00000107611,diseases,"Forgetta et al., 2022 (PMID: 35147782): HDO/OMIM"
rbc,DHFR,ENSG00000228716,diseases,"Forgetta et al., 2022 (PMID: 35147782): HDO/OMIM"
rbc,EGLN1,ENSG00000135766,diseases,"Forgetta et al., 2022 (PMID: 35147782): HDO/OMIM"
rbc,EPAS1,ENSG00000116016,diseases,"Forgetta et al., 2022 (PMID: 35147782): HDO/OMIM"
rbc,EPB42,ENSG00000166947,diseases,"Forgetta et al., 2022 (PMID: 35147782): HDO/OMIM"
rbc,EPO,ENSG00000130427,diseases,"Forgetta et al., 2022 (PMID: 35147782): HDO/OMIM"
rbc,EPOR,ENSG00000187266,diseases,"Forgetta et al., 2022 (PMID: 35147782): HDO/OMIM"
rbc,ERCC4,ENSG00000175595,diseases,"Forgetta et al., 2022 (PMID: 35147782): HDO/OMIM"
rbc,FANCA,ENSG00000187741,diseases,"Forgetta et al., 2022 (PMID: 35147782): HDO/OMIM"
rbc,FANCB,ENSG00000181544,diseases,"Forgetta et al., 2022 (PMID: 35147782): HDO/OMIM"
rbc,FANCC,ENSG00000158169,diseases,"Forgetta et al., 2022 (PMID: 35147782): HDO/OMIM"
rbc,FANCD2,ENSG00000144554,diseases,"Forgetta et al., 2022 (PMID: 35147782): HDO/OMIM"
rbc,FANCE,ENSG00000112039,diseases,"Forgetta et al., 2022 (PMID: 35147782): HDO/OMIM"
rbc,FANCF,ENSG00000183161,diseases,"Forgetta et al., 2022 (PMID: 35147782): HDO/OMIM"
rbc,FANCG,ENSG00000221829,diseases,"Forgetta et al., 2022 (PMID: 35147782): HDO/OMIM"
rbc,FANCI,ENSG00000140525,diseases,"Forgetta et al., 2022 (PMID: 35147782): HDO/OMIM"
rbc,FANCL,ENSG00000115392,diseases,"Forgetta et al., 2022 (PMID: 35147782): HDO/OMIM"
rbc,G6PD,ENSG00000160211,diseases,"Forgetta et al., 2022 (PMID: 35147782): HDO/OMIM"
rbc,GLRX5,ENSG00000182512,diseases,"Forgetta et al., 2022 (PMID: 35147782): HDO/OMIM"
rbc,GPI,ENSG00000282019,diseases,"Forgetta et al., 2022 (PMID: 35147782): HDO/OMIM"
rbc,GPI,ENSG00000105220,diseases,"Forgetta et al., 2022 (PMID: 35147782): HDO/OMIM"
rbc,HSPA9,ENSG00000113013,diseases,"Forgetta et al., 2022 (PMID: 35147782): HDO/OMIM"
rbc,JAK2,ENSG00000096968,diseases,"Forgetta et al., 2022 (PMID: 35147782): HDO/OMIM"
rbc,KLF1,ENSG00000105610,diseases,"Forgetta et al., 2022 (PMID: 35147782): HDO/OMIM"
rbc,MAD2L2,ENSG00000116670,diseases,"Forgetta et al., 2022 (PMID: 35147782): HDO/OMIM"
rbc,NT5C3A,ENSG00000122643,diseases,"Forgetta et al., 2022 (PMID: 35147782): HDO/OMIM"
rbc,PALB2,ENSG00000083093,diseases,"Forgetta et al., 2022 (PMID: 35147782): HDO/OMIM"
rbc,PKLR,ENSG00000262785,diseases,"Forgetta et al., 2022 (PMID: 35147782): HDO/OMIM"
rbc,PKLR,ENSG00000143627,diseases,"Forgetta et al., 2022 (PMID: 35147782): HDO/OMIM"
rbc,RAD51,ENSG00000051180,diseases,"Forgetta et al., 2022 (PMID: 35147782): HDO/OMIM"
rbc,RAD51C,ENSG00000108384,diseases,"Forgetta et al., 2022 (PMID: 35147782): HDO/OMIM"
rbc,RHAG,ENSG00000112077,diseases,"Forgetta et al., 2022 (PMID: 35147782): HDO/OMIM"
rbc,RPL11,ENSG00000142676,diseases,"Forgetta et al., 2022 (PMID: 35147782): HDO/OMIM"
rbc,RPL15,ENSG00000174748,diseases,"Forgetta et al., 2022 (PMID: 35147782): HDO/OMIM"
rbc,RPL26,ENSG00000161970,diseases,"Forgetta et al., 2022 (PMID: 35147782): HDO/OMIM"
rbc,RPL35A,ENSG00000182899,diseases,"Forgetta et al., 2022 (PMID: 35147782): HDO/OMIM"
rbc,RPL5,ENSG00000122406,diseases,"Forgetta et al., 2022 (PMID: 35147782): HDO/OMIM"
rbc,RPS10,ENSG00000124614,diseases,"Forgetta et al., 2022 (PMID: 35147782): HDO/OMIM"
rbc,RPS14,ENSG00000164587,diseases,"Forgetta et al., 2022 (PMID: 35147782): HDO/OMIM"
rbc,RPS17,ENSG00000278229,diseases,"Forgetta et al., 2022 (PMID: 35147782): HDO/OMIM"
rbc,RPS17,ENSG00000182774,diseases,"Forgetta et al., 2022 (PMID: 35147782): HDO/OMIM"
rbc,RPS19,ENSG00000105372,diseases,"Forgetta et al., 2022 (PMID: 35147782): HDO/OMIM"
rbc,RPS24,ENSG00000138326,diseases,"Forgetta et al., 2022 (PMID: 35147782): HDO/OMIM"
rbc,RPS26,ENSG00000197728,diseases,"Forgetta et al., 2022 (PMID: 35147782): HDO/OMIM"
rbc,RPS29,ENSG00000213741,diseases,"Forgetta et al., 2022 (PMID: 35147782): HDO/OMIM"
rbc,RPS7,ENSG00000171863,diseases,"Forgetta et al., 2022 (PMID: 35147782): HDO/OMIM"
rbc,SEC23B,ENSG00000101310,diseases,"Forgetta et al., 2022 (PMID: 35147782): HDO/OMIM"
rbc,SH2B3,ENSG00000111252,diseases,"Forgetta et al., 2022 (PMID: 35147782): HDO/OMIM"
rbc,SLC11A2,ENSG00000110911,diseases,"Forgetta et al., 2022 (PMID: 35147782): HDO/OMIM"
rbc,SLC25A38,ENSG00000144659,diseases,"Forgetta et al., 2022 (PMID: 35147782): HDO/OMIM"
rbc,SLC4A1,ENSG00000004939,diseases,"Forgetta et al., 2022 (PMID: 35147782): HDO/OMIM"
rbc,SLX4,ENSG00000188827,diseases,"Forgetta et al., 2022 (PMID: 35147782): HDO/OMIM"
rbc,SPTA1,ENSG00000163554,diseases,"Forgetta et al., 2022 (PMID: 35147782): HDO/OMIM"
rbc,SPTB,ENSG00000070182,diseases,"Forgetta et al., 2022 (PMID: 35147782): HDO/OMIM"
rbc,STEAP3,ENSG00000115107,diseases,"Forgetta et al., 2022 (PMID: 35147782): HDO/OMIM"
rbc,TRNT1,ENSG00000072756,diseases,"Forgetta et al., 2022 (PMID: 35147782): HDO/OMIM"
rbc,UBE2T,ENSG00000077152,diseases,"Forgetta et al., 2022 (PMID: 35147782): HDO/OMIM"
rbc,VHL,ENSG00000134086,diseases,"Forgetta et al., 2022 (PMID: 35147782): HDO/OMIM"
rbc,XRCC2,ENSG00000196584,diseases,"Forgetta et al., 2022 (PMID: 35147782): HDO/OMIM"
ldl,ABCA1,ENSG00000165029,diseases,"Forgetta et al., 2022 (PMID: 35147782): HDO/OMIM"
ldl,ANGPTL3,ENSG00000132855,diseases,"Forgetta et al., 2022 (PMID: 35147782): HDO/OMIM"
ldl,APOA2,ENSG00000158874,diseases,"Forgetta et al., 2022 (PMID: 35147782): HDO/OMIM"
ldl,APOA5,ENSG00000110243,diseases,"Forgetta et al., 2022 (PMID: 35147782): HDO/OMIM"
ldl,APOB,ENSG00000291544,diseases,"Forgetta et al., 2022 (PMID: 35147782): HDO/OMIM"
ldl,APOB,ENSG00000084674,diseases,"Forgetta et al., 2022 (PMID: 35147782): HDO/OMIM"
ldl,APOE,ENSG00000130203,diseases,"Forgetta et al., 2022 (PMID: 35147782): HDO/OMIM"
ldl,DHCR7,ENSG00000172893,diseases,"Forgetta et al., 2022 (PMID: 35147782): HDO/OMIM"
ldl,EPHX2,ENSG00000120915,diseases,"Forgetta et al., 2022 (PMID: 35147782): HDO/OMIM"
ldl,GHR,ENSG00000112964,diseases,"Forgetta et al., 2022 (PMID: 35147782): HDO/OMIM"
ldl,ITIH4,ENSG00000055955,diseases,"Forgetta et al., 2022 (PMID: 35147782): HDO/OMIM"
ldl,LDLR,ENSG00000130164,diseases,"Forgetta et al., 2022 (PMID: 35147782): HDO/OMIM"
ldl,LDLRAP1,ENSG00000157978,diseases,"Forgetta et al., 2022 (PMID: 35147782): HDO/OMIM"
ldl,LIPA,ENSG00000107798,diseases,"Forgetta et al., 2022 (PMID: 35147782): HDO/OMIM"
ldl,LIPI,ENSG00000188992,diseases,"Forgetta et al., 2022 (PMID: 35147782): HDO/OMIM"
ldl,LPL,ENSG00000175445,diseases,"Forgetta et al., 2022 (PMID: 35147782): HDO/OMIM"
ldl,MTTP,ENSG00000138823,diseases,"Forgetta et al., 2022 (PMID: 35147782): HDO/OMIM"
ldl,PPP1R17,ENSG00000106341,diseases,"Forgetta et al., 2022 (PMID: 35147782): HDO/OMIM"
height,ADAMTS10,ENSG00000142303,diseases,"Forgetta et al., 2022 (PMID: 35147782): HDO/OMIM"
height,ADAMTS17,ENSG00000140470,diseases,"Forgetta et al., 2022 (PMID: 35147782): HDO/OMIM"
height,ANKRD11,ENSG00000167522,diseases,"Forgetta et al., 2022 (PMID: 35147782): HDO/OMIM"
height,B3GALT6,ENSG00000176022,diseases,"Forgetta et al., 2022 (PMID: 35147782): HDO/OMIM"
height,BLM,ENSG00000197299,diseases,"Forgetta et al., 2022 (PMID: 35147782): HDO/OMIM"
height,BRAF,ENSG00000157764,diseases,"Forgetta et al., 2022 (PMID: 35147782): HDO/OMIM"
height,CANT1,ENSG00000171302,diseases,"Forgetta et al., 2022 (PMID: 35147782): HDO/OMIM"
height,CHRNA1,ENSG00000138435,diseases,"Forgetta et al., 2022 (PMID: 35147782): HDO/OMIM"
height,CHRND,ENSG00000135902,diseases,"Forgetta et al., 2022 (PMID: 35147782): HDO/OMIM"
height,CHRNG,ENSG00000196811,diseases,"Forgetta et al., 2022 (PMID: 35147782): HDO/OMIM"
height,CHST3,ENSG00000122863,diseases,"Forgetta et al., 2022 (PMID: 35147782): HDO/OMIM"
height,COL2A1,ENSG00000139219,diseases,"Forgetta et al., 2022 (PMID: 35147782): HDO/OMIM"
height,CREBBP,ENSG00000005339,diseases,"Forgetta et al., 2022 (PMID: 35147782): HDO/OMIM"
height,CUL4B,ENSG00000158290,diseases,"Forgetta et al., 2022 (PMID: 35147782): HDO/OMIM"
height,DVL1,ENSG00000107404,diseases,"Forgetta et al., 2022 (PMID: 35147782): HDO/OMIM"
height,DVL3,ENSG00000161202,diseases,"Forgetta et al., 2022 (PMID: 35147782): HDO/OMIM"
height,EP300,ENSG00000100393,diseases,"Forgetta et al., 2022 (PMID: 35147782): HDO/OMIM"
height,FBN1,ENSG00000166147,diseases,"Forgetta et al., 2022 (PMID: 35147782): HDO/OMIM"
height,FGFR3,ENSG00000068078,diseases,"Forgetta et al., 2022 (PMID: 35147782): HDO/OMIM"
height,FLNB,ENSG00000136068,diseases,"Forgetta et al., 2022 (PMID: 35147782): HDO/OMIM"
height,GH1,ENSG00000259384,diseases,"Forgetta et al., 2022 (PMID: 35147782): HDO/OMIM"
height,GHR,ENSG00000112964,diseases,"Forgetta et al., 2022 (PMID: 35147782): HDO/OMIM"
height,GNAS,ENSG00000087460,diseases,"Forgetta et al., 2022 (PMID: 35147782): HDO/OMIM"
height,IGBP1,ENSG00000089289,diseases,"Forgetta et al., 2022 (PMID: 35147782): HDO/OMIM"
height,KDM5C,ENSG00000126012,diseases,"Forgetta et al., 2022 (PMID: 35147782): HDO/OMIM"
height,KDM6A,ENSG00000147050,diseases,"Forgetta et al., 2022 (PMID: 35147782): HDO/OMIM"
height,KMT2D,ENSG00000167548,diseases,"Forgetta et al., 2022 (PMID: 35147782): HDO/OMIM"
height,KRAS,ENSG00000133703,diseases,"Forgetta et al., 2022 (PMID: 35147782): HDO/OMIM"
height,LAS1L,ENSG00000001497,diseases,"Forgetta et al., 2022 (PMID: 35147782): HDO/OMIM"
height,LTBP2,ENSG00000119681,diseases,"Forgetta et al., 2022 (PMID: 35147782): HDO/OMIM"
height,LTBP3,ENSG00000168056,diseases,"Forgetta et al., 2022 (PMID: 35147782): HDO/OMIM"
height,LZTR1,ENSG00000099949,diseases,"Forgetta et al., 2022 (PMID: 35147782): HDO/OMIM"
height,MAP2K1,ENSG00000169032,diseases,"Forgetta et al., 2022 (PMID: 35147782): HDO/OMIM"
height,MAP2K2,ENSG00000126934,diseases,"Forgetta et al., 2022 (PMID: 35147782): HDO/OMIM"
height,MPLKIP,ENSG00000168303,diseases,"Forgetta et al., 2022 (PMID: 35147782): HDO/OMIM"
height,MYH3,ENSG00000109063,diseases,"Forgetta et al., 2022 (PMID: 35147782): HDO/OMIM"
height,NPR2,ENSG00000159899,diseases,"Forgetta et al., 2022 (PMID: 35147782): HDO/OMIM"
height,NRAS,ENSG00000213281,diseases,"Forgetta et al., 2022 (PMID: 35147782): HDO/OMIM"
height,PAPSS2,ENSG00000198682,diseases,"Forgetta et al., 2022 (PMID: 35147782): HDO/OMIM"
height,PCNT,ENSG00000160299,diseases,"Forgetta et al., 2022 (PMID: 35147782): HDO/OMIM"
height,PHKB,ENSG00000102893,diseases,"Forgetta et al., 2022 (PMID: 35147782): HDO/OMIM"
height,PLK4,ENSG00000142731,diseases,"Forgetta et al., 2022 (PMID: 35147782): HDO/OMIM"
height,PQBP1,ENSG00000292208,diseases,"Forgetta et al., 2022 (PMID: 35147782): HDO/OMIM"
height,PQBP1,ENSG00000102103,diseases,"Forgetta et al., 2022 (PMID: 35147782): HDO/OMIM"
height,PTHLH,ENSG00000087494,diseases,"Forgetta et al., 2022 (PMID: 35147782): HDO/OMIM"
height,PTPN11,ENSG00000179295,diseases,"Forgetta et al., 2022 (PMID: 35147782): HDO/OMIM"
height,RAF1,ENSG00000132155,diseases,"Forgetta et al., 2022 (PMID: 35147782): HDO/OMIM"
height,RAI1,ENSG00000108557,diseases,"Forgetta et al., 2022 (PMID: 35147782): HDO/OMIM"
height,RECQL4,ENSG00000160957,diseases,"Forgetta et al., 2022 (PMID: 35147782): HDO/OMIM"
height,RIT1,ENSG00000143622,diseases,"Forgetta et al., 2022 (PMID: 35147782): HDO/OMIM"
height,RMRP,ENSG00000277027,diseases,"Forgetta et al., 2022 (PMID: 35147782): HDO/OMIM"
height,RNF168,ENSG00000163961,diseases,"Forgetta et al., 2022 (PMID: 35147782): HDO/OMIM"
height,ROR2,ENSG00000169071,diseases,"Forgetta et al., 2022 (PMID: 35147782): HDO/OMIM"
height,RSPH4A,ENSG00000111834,diseases,"Forgetta et al., 2022 (PMID: 35147782): HDO/OMIM"
height,SHOX,ENSG00000292354,diseases,"Forgetta et al., 2022 (PMID: 35147782): HDO/OMIM"
height,SHOX,ENSG00000185960,diseases,"Forgetta et al., 2022 (PMID: 35147782): HDO/OMIM"
height,SMARCAL1,ENSG00000138375,diseases,"Forgetta et al., 2022 (PMID: 35147782): HDO/OMIM"
height,SMS,ENSG00000102172,diseases,"Forgetta et al., 2022 (PMID: 35147782): HDO/OMIM"
height,SOS1,ENSG00000115904,diseases,"Forgetta et al., 2022 (PMID: 35147782): HDO/OMIM"
height,SOS2,ENSG00000100485,diseases,"Forgetta et al., 2022 (PMID: 35147782): HDO/OMIM"
height,SPART,ENSG00000133104,diseases,"Forgetta et al., 2022 (PMID: 35147782): HDO/OMIM"
height,STAC3,ENSG00000185482,diseases,"Forgetta et al., 2022 (PMID: 35147782): HDO/OMIM"
height,TRPS1,ENSG00000104447,diseases,"Forgetta et al., 2022 (PMID: 35147782): HDO/OMIM"
height,TUBGCP6,ENSG00000128159,diseases,"Forgetta et al., 2022 (PMID: 35147782): HDO/OMIM"
height,USB1,ENSG00000103005,diseases,"Forgetta et al., 2022 (PMID: 35147782): HDO/OMIM"
height,WNT5A,ENSG00000114251,diseases,"Forgetta et al., 2022 (PMID: 35147782): HDO/OMIM"
height,XYLT1,ENSG00000285395,diseases,"Forgetta et al., 2022 (PMID: 35147782): HDO/OMIM"
height,XYLT1,ENSG00000103489,diseases,"Forgetta et al., 2022 (PMID: 35147782): HDO/OMIM"
glucose,ABCC8,ENSG00000006071,diseases,"Forgetta et al., 2022 (PMID: 35147782): HDO/OMIM"
glucose,AGL,ENSG00000162688,diseases,"Forgetta et al., 2022 (PMID: 35147782): HDO/OMIM"
glucose,AKT2,ENSG00000105221,diseases,"Forgetta et al., 2022 (PMID: 35147782): HDO/OMIM"
glucose,APPL1,ENSG00000157500,diseases,"Forgetta et al., 2022 (PMID: 35147782): HDO/OMIM"
glucose,BLK,ENSG00000285369,diseases,"Forgetta et al., 2022 (PMID: 35147782): HDO/OMIM"
glucose,BLK,ENSG00000136573,diseases,"Forgetta et al., 2022 (PMID: 35147782): HDO/OMIM"
glucose,CAPN10,ENSG00000142330,diseases,"Forgetta et al., 2022 (PMID: 35147782): HDO/OMIM"
glucose,CCR5,ENSG00000160791,diseases,"Forgetta et al., 2022 (PMID: 35147782): HDO/OMIM"
glucose,CEL,ENSG00000170835,diseases,"Forgetta et al., 2022 (PMID: 35147782): HDO/OMIM"
glucose,CTLA4,ENSG00000163599,diseases,"Forgetta et al., 2022 (PMID: 35147782): HDO/OMIM"
glucose,ENPP1,ENSG00000197594,diseases,"Forgetta et al., 2022 (PMID: 35147782): HDO/OMIM"
glucose,FOXP3,ENSG00000049768,diseases,"Forgetta et al., 2022 (PMID: 35147782): HDO/OMIM"
glucose,GAA,ENSG00000291507,diseases,"Forgetta et al., 2022 (PMID: 35147782): HDO/OMIM"
glucose,GAA,ENSG00000171298,diseases,"Forgetta et al., 2022 (PMID: 35147782): HDO/OMIM"
glucose,GBE1,ENSG00000114480,diseases,"Forgetta et al., 2022 (PMID: 35147782): HDO/OMIM"
glucose,GCGR,ENSG00000288269,diseases,"Forgetta et al., 2022 (PMID: 35147782): HDO/OMIM"
glucose,GCGR,ENSG00000215644,diseases,"Forgetta et al., 2022 (PMID: 35147782): HDO/OMIM"
glucose,GCK,ENSG00000106633,diseases,"Forgetta et al., 2022 (PMID: 35147782): HDO/OMIM"
glucose,GLIS3,ENSG00000107249,diseases,"Forgetta et al., 2022 (PMID: 35147782): HDO/OMIM"
glucose,GPD2,ENSG00000115159,diseases,"Forgetta et al., 2022 (PMID: 35147782): HDO/OMIM"
glucose,GYG1,ENSG00000163754,diseases,"Forgetta et al., 2022 (PMID: 35147782): HDO/OMIM"
glucose,HMGA1,ENSG00000137309,diseases,"Forgetta et al., 2022 (PMID: 35147782): HDO/OMIM"
glucose,HNF1A,ENSG00000135100,diseases,"Forgetta et al., 2022 (PMID: 35147782): HDO/OMIM"
glucose,HNF1B,ENSG00000276194,diseases,"Forgetta et al., 2022 (PMID: 35147782): HDO/OMIM"
glucose,HNF1B,ENSG00000275410,diseases,"Forgetta et al., 2022 (PMID: 35147782): HDO/OMIM"
glucose,HNF4A,ENSG00000101076,diseases,"Forgetta et al., 2022 (PMID: 35147782): HDO/OMIM"
glucose,IGF2BP2,ENSG00000073792,diseases,"Forgetta et al., 2022 (PMID: 35147782): HDO/OMIM"
glucose,IL2RA,ENSG00000134460,diseases,"Forgetta et al., 2022 (PMID: 35147782): HDO/OMIM"
glucose,IL6,ENSG00000136244,diseases,"Forgetta et al., 2022 (PMID: 35147782): HDO/OMIM"
glucose,INS,ENSG00000254647,diseases,"Forgetta et al., 2022 (PMID: 35147782): HDO/OMIM"
glucose,IRS1,ENSG00000169047,diseases,"Forgetta et al., 2022 (PMID: 35147782): HDO/OMIM"
glucose,IRS2,ENSG00000185950,diseases,"Forgetta et al., 2022 (PMID: 35147782): HDO/OMIM"
glucose,ITPR3,ENSG00000096433,diseases,"Forgetta et al., 2022 (PMID: 35147782): HDO/OMIM"
glucose,KCNJ11,ENSG00000187486,diseases,"Forgetta et al., 2022 (PMID: 35147782): HDO/OMIM"
glucose,KLF11,ENSG00000172059,diseases,"Forgetta et al., 2022 (PMID: 35147782): HDO/OMIM"
glucose,LIPC,ENSG00000166035,diseases,"Forgetta et al., 2022 (PMID: 35147782): HDO/OMIM"
glucose,MAPK8IP1,ENSG00000121653,diseases,"Forgetta et al., 2022 (PMID: 35147782): HDO/OMIM"
glucose,MTNR1B,ENSG00000134640,diseases,"Forgetta et al., 2022 (PMID: 35147782): HDO/OMIM"
glucose,NEUROD1,ENSG00000162992,diseases,"Forgetta et al., 2022 (PMID: 35147782): HDO/OMIM"
glucose,PAX4,ENSG00000106331,diseases,"Forgetta et al., 2022 (PMID: 35147782): HDO/OMIM"
glucose,PDX1,ENSG00000139515,diseases,"Forgetta et al., 2022 (PMID: 35147782): HDO/OMIM"
glucose,PFKM,ENSG00000152556,diseases,"Forgetta et al., 2022 (PMID: 35147782): HDO/OMIM"
glucose,PHKA1,ENSG00000067177,diseases,"Forgetta et al., 2022 (PMID: 35147782): HDO/OMIM"
glucose,PHKA2,ENSG00000044446,diseases,"Forgetta et al., 2022 (PMID: 35147782): HDO/OMIM"
glucose,PHKB,ENSG00000102893,diseases,"Forgetta et al., 2022 (PMID: 35147782): HDO/OMIM"
glucose,PHKG2,ENSG00000156873,diseases,"Forgetta et al., 2022 (PMID: 35147782): HDO/OMIM"
glucose,PLAGL1,ENSG00000118495,diseases,"Forgetta et al., 2022 (PMID: 35147782): HDO/OMIM"
glucose,PPARG,ENSG00000132170,diseases,"Forgetta et al., 2022 (PMID: 35147782): HDO/OMIM"
glucose,PPP1R3A,ENSG00000154415,diseases,"Forgetta et al., 2022 (PMID: 35147782): HDO/OMIM"
glucose,PRKAG2,ENSG00000106617,diseases,"Forgetta et al., 2022 (PMID: 35147782): HDO/OMIM"
glucose,PTPN1,ENSG00000196396,diseases,"Forgetta et al., 2022 (PMID: 35147782): HDO/OMIM"
glucose,PTPN22,ENSG00000134242,diseases,"Forgetta et al., 2022 (PMID: 35147782): HDO/OMIM"
glucose,PYGL,ENSG00000100504,diseases,"Forgetta et al., 2022 (PMID: 35147782): HDO/OMIM"
glucose,PYGM,ENSG00000068976,diseases,"Forgetta et al., 2022 (PMID: 35147782): HDO/OMIM"
glucose,RETN,ENSG00000104918,diseases,"Forgetta et al., 2022 (PMID: 35147782): HDO/OMIM"
glucose,SLC2A2,ENSG00000163581,diseases,"Forgetta et al., 2022 (PMID: 35147782): HDO/OMIM"
glucose,SLC30A8,ENSG00000164756,diseases,"Forgetta et al., 2022 (PMID: 35147782): HDO/OMIM"
glucose,SLC37A4,ENSG00000281500,diseases,"Forgetta et al., 2022 (PMID: 35147782): HDO/OMIM"
glucose,SLC37A4,ENSG00000137700,diseases,"Forgetta et al., 2022 (PMID: 35147782): HDO/OMIM"
glucose,SUMO4,ENSG00000177688,diseases,"Forgetta et al., 2022 (PMID: 35147782): HDO/OMIM"
glucose,TCF7L2,ENSG00000148737,diseases,"Forgetta et al., 2022 (PMID: 35147782): HDO/OMIM"
glucose,TPI1,ENSG00000111669,diseases,"Forgetta et al., 2022 (PMID: 35147782): HDO/OMIM"
glucose,WFS1,ENSG00000109501,diseases,"Forgetta et al., 2022 (PMID: 35147782): HDO/OMIM"
glucose,ZFP57,ENSG00000226858,diseases,"Forgetta et al., 2022 (PMID: 35147782): HDO/OMIM"
glucose,ZFP57,ENSG00000223852,diseases,"Forgetta et al., 2022 (PMID: 35147782): HDO/OMIM"
glucose,ZFP57,ENSG00000232099,diseases,"Forgetta et al., 2022 (PMID: 35147782): HDO/OMIM"
glucose,ZFP57,ENSG00000227858,diseases,"Forgetta et al., 2022 (PMID: 35147782): HDO/OMIM"
glucose,ZFP57,ENSG00000223858,diseases,"Forgetta et al., 2022 (PMID: 35147782): HDO/OMIM"
glucose,ZFP57,ENSG00000234669,diseases,"Forgetta et al., 2022 (PMID: 35147782): HDO/OMIM"
glucose,ZFP57,ENSG00000206510,diseases,"Forgetta et al., 2022 (PMID: 35147782): HDO/OMIM"
glucose,ZFP57,ENSG00000204644,diseases,"Forgetta et al., 2022 (PMID: 35147782): HDO/OMIM"
ebmd,ANO5,ENSG00000171714,diseases,"Forgetta et al., 2022 (PMID: 35147782): Morris"
ebmd,ATP6V0A2,ENSG00000185344,diseases,"Forgetta et al., 2022 (PMID: 35147782): Morris"
ebmd,B4GALT7,ENSG00000027847,diseases,"Forgetta et al., 2022 (PMID: 35147782): Morris"
ebmd,BMP1,ENSG00000168487,diseases,"Forgetta et al., 2022 (PMID: 35147782): Morris"
ebmd,CASR,ENSG00000036828,diseases,"Forgetta et al., 2022 (PMID: 35147782): Morris"
ebmd,CLCN5,ENSG00000171365,diseases,"Forgetta et al., 2022 (PMID: 35147782): Morris"
ebmd,CLCN7,ENSG00000103249,diseases,"Forgetta et al., 2022 (PMID: 35147782): Morris"
ebmd,COL1A1,ENSG00000108821,diseases,"Forgetta et al., 2022 (PMID: 35147782): Morris"
ebmd,COL1A2,ENSG00000164692,diseases,"Forgetta et al., 2022 (PMID: 35147782): Morris"
ebmd,CREB3L1,ENSG00000157613,diseases,"Forgetta et al., 2022 (PMID: 35147782): Morris"
ebmd,CRTAP,ENSG00000170275,diseases,"Forgetta et al., 2022 (PMID: 35147782): Morris"
ebmd,DMP1,ENSG00000152592,diseases,"Forgetta et al., 2022 (PMID: 35147782): Morris"
ebmd,ENPP1,ENSG00000197594,diseases,"Forgetta et al., 2022 (PMID: 35147782): Morris"
ebmd,ESR1,ENSG00000091831,diseases,"Forgetta et al., 2022 (PMID: 35147782): Morris"
ebmd,FGF23,ENSG00000118972,diseases,"Forgetta et al., 2022 (PMID: 35147782): Morris"
ebmd,FKBP10,ENSG00000141756,diseases,"Forgetta et al., 2022 (PMID: 35147782): Morris"
ebmd,GALNT3,ENSG00000115339,diseases,"Forgetta et al., 2022 (PMID: 35147782): Morris"
ebmd,GORAB,ENSG00000120370,diseases,"Forgetta et al., 2022 (PMID: 35147782): Morris"
ebmd,IDUA,ENSG00000127415,diseases,"Forgetta et al., 2022 (PMID: 35147782): Morris"
ebmd,IFIH1,ENSG00000115267,diseases,"Forgetta et al., 2022 (PMID: 35147782): Morris"
ebmd,IFITM5,ENSG00000206013,diseases,"Forgetta et al., 2022 (PMID: 35147782): Morris"
ebmd,LGR4,ENSG00000205213,diseases,"Forgetta et al., 2022 (PMID: 35147782): Morris"
ebmd,LMNA,ENSG00000160789,diseases,"Forgetta et al., 2022 (PMID: 35147782): Morris"
ebmd,LRP4,ENSG00000134569,diseases,"Forgetta et al., 2022 (PMID: 35147782): Morris"
ebmd,LRP5,ENSG00000162337,diseases,"Forgetta et al., 2022 (PMID: 35147782): Morris"
ebmd,MAFB,ENSG00000204103,diseases,"Forgetta et al., 2022 (PMID: 35147782): Morris"
ebmd,MMP2,ENSG00000087245,diseases,"Forgetta et al., 2022 (PMID: 35147782): Morris"
ebmd,NOTCH2,ENSG00000134250,diseases,"Forgetta et al., 2022 (PMID: 35147782): Morris"
ebmd,P3H1,ENSG00000117385,diseases,"Forgetta et al., 2022 (PMID: 35147782): Morris"
ebmd,P4HB,ENSG00000185624,diseases,"Forgetta et al., 2022 (PMID: 35147782): Morris"
ebmd,PHEX,ENSG00000102174,diseases,"Forgetta et al., 2022 (PMID: 35147782): Morris"
ebmd,PLOD2,ENSG00000152952,diseases,"Forgetta et al., 2022 (PMID: 35147782): Morris"
ebmd,PLS3,ENSG00000102024,diseases,"Forgetta et al., 2022 (PMID: 35147782): Morris"
ebmd,PPIB,ENSG00000166794,diseases,"Forgetta et al., 2022 (PMID: 35147782): Morris"
ebmd,PTH1R,ENSG00000160801,diseases,"Forgetta et al., 2022 (PMID: 35147782): Morris"
ebmd,PYCR1,ENSG00000183010,diseases,"Forgetta et al., 2022 (PMID: 35147782): Morris"
ebmd,RIN3,ENSG00000100599,diseases,"Forgetta et al., 2022 (PMID: 35147782): Morris"
ebmd,RUNX2,ENSG00000124813,diseases,"Forgetta et al., 2022 (PMID: 35147782): Morris"
ebmd,SEC24D,ENSG00000150961,diseases,"Forgetta et al., 2022 (PMID: 35147782): Morris"
ebmd,SEM1,ENSG00000127922,diseases,"Forgetta et al., 2022 (PMID: 35147782): Morris"
ebmd,SERPINF1,ENSG00000282307,diseases,"Forgetta et al., 2022 (PMID: 35147782): Morris"
ebmd,SERPINF1,ENSG00000132386,diseases,"Forgetta et al., 2022 (PMID: 35147782): Morris"
ebmd,SERPINH1,ENSG00000149257,diseases,"Forgetta et al., 2022 (PMID: 35147782): Morris"
ebmd,SLC34A3,ENSG00000198569,diseases,"Forgetta et al., 2022 (PMID: 35147782): Morris"
ebmd,SOST,ENSG00000167941,diseases,"Forgetta et al., 2022 (PMID: 35147782): Morris"
ebmd,SOX9,ENSG00000125398,diseases,"Forgetta et al., 2022 (PMID: 35147782): Morris"
ebmd,SP7,ENSG00000291837,diseases,"Forgetta et al., 2022 (PMID: 35147782): Morris"
ebmd,SP7,ENSG00000170374,diseases,"Forgetta et al., 2022 (PMID: 35147782): Morris"
ebmd,TMEM38B,ENSG00000095209,diseases,"Forgetta et al., 2022 (PMID: 35147782): Morris"
ebmd,TNFRSF11A,ENSG00000141655,diseases,"Forgetta et al., 2022 (PMID: 35147782): Morris"
ebmd,TNFRSF11B,ENSG00000164761,diseases,"Forgetta et al., 2022 (PMID: 35147782): Morris"
ebmd,WNT1,ENSG00000125084,diseases,"Forgetta et al., 2022 (PMID: 35147782): Morris"
ebmd,XYLT2,ENSG00000015532,diseases,"Forgetta et al., 2022 (PMID: 35147782): Morris"
ebmd,ZMPSTE24,ENSG00000084073,diseases,"Forgetta et al., 2022 (PMID: 35147782): Morris"
ebmd,ALPL,ENSG00000162551,diseases,"Forgetta et al., 2022 (PMID: 35147782): Morris"
ebmd,ANKH,ENSG00000154122,diseases,"Forgetta et al., 2022 (PMID: 35147782): Morris"
dbp,AGTR1,ENSG00000144891,diseases,"Forgetta et al., 2022 (PMID: 35147782): HDO/OMIM"
dbp,ATP1B1,ENSG00000143153,diseases,"Forgetta et al., 2022 (PMID: 35147782): HDO/OMIM"
dbp,CYP3A5,ENSG00000106258,diseases,"Forgetta et al., 2022 (PMID: 35147782): HDO/OMIM"
dbp,ECE1,ENSG00000117298,diseases,"Forgetta et al., 2022 (PMID: 35147782): HDO/OMIM"
dbp,GNB3,ENSG00000111664,diseases,"Forgetta et al., 2022 (PMID: 35147782): HDO/OMIM"
dbp,HSD11B2,ENSG00000176387,diseases,"Forgetta et al., 2022 (PMID: 35147782): HDO/OMIM"
dbp,NOS2,ENSG00000007171,diseases,"Forgetta et al., 2022 (PMID: 35147782): HDO/OMIM"
dbp,NOS3,ENSG00000164867,diseases,"Forgetta et al., 2022 (PMID: 35147782): HDO/OMIM"
dbp,PLIN1,ENSG00000166819,diseases,"Forgetta et al., 2022 (PMID: 35147782): HDO/OMIM"
dbp,PTGIS,ENSG00000124212,diseases,"Forgetta et al., 2022 (PMID: 35147782): HDO/OMIM"
dbp,RGS5,ENSG00000143248,diseases,"Forgetta et al., 2022 (PMID: 35147782): HDO/OMIM"
dbp,SCNN1B,ENSG00000168447,diseases,"Forgetta et al., 2022 (PMID: 35147782): HDO/OMIM"
dbp,ADD1,ENSG00000087274,diseases,"Forgetta et al., 2022 (PMID: 35147782): HDO/OMIM"
dbp,AGT,ENSG00000135744,diseases,"Forgetta et al., 2022 (PMID: 35147782): HDO/OMIM"
dbp,SERPINA6,ENSG00000277405,diseases,"Forgetta et al., 2022 (PMID: 35147782): HDO/OMIM"
dbp,SERPINA6,ENSG00000170099,diseases,"Forgetta et al., 2022 (PMID: 35147782): HDO/OMIM"
dbilirubin,ABCC2,ENSG00000023839,diseases,"Forgetta et al., 2022 (PMID: 35147782): HDO/OMIM"
dbilirubin,UGT1A1,ENSG00000241635,diseases,"Forgetta et al., 2022 (PMID: 35147782): HDO/OMIM"
calcium,GNA11,ENSG00000088256,diseases,"Forgetta et al., 2022 (PMID: 35147782): HDO/OMIM"
calcium,TRPM6,ENSG00000119121,diseases,"Forgetta et al., 2022 (PMID: 35147782): HDO/OMIM"
calcium,CALCR,ENSG00000004948,drugs,"Forgetta et al., 2022 (PMID: 35147782): DB00017|Salmon Calcitonin"
calcium,CASR,ENSG00000036828,drugs,"Forgetta et al., 2022 (PMID: 35147782): DB11093|Calcium Citrate"
calcium,CASR,ENSG00000036828,drugs,"Forgetta et al., 2022 (PMID: 35147782): DB01012|Cinacalcet"
calcium,FDPS,ENSG00000160752,drugs,"Forgetta et al., 2022 (PMID: 35147782): DB00630|Alendronic acid"
calcium,FDPS,ENSG00000160752,drugs,"Forgetta et al., 2022 (PMID: 35147782): DB00282|Pamidronic Acid"
calcium,FDPS,ENSG00000160752,drugs,"Forgetta et al., 2022 (PMID: 35147782): DB00884|Risedronic acid"
calcium,FDPS,ENSG00000160752,drugs,"Forgetta et al., 2022 (PMID: 35147782): DB00399|Zoledronic acid"
calcium,GGPS1,ENSG00000152904,drugs,"Forgetta et al., 2022 (PMID: 35147782): DB00399|Zoledronic acid"
calcium,PTH2R,ENSG00000144407,drugs,"Forgetta et al., 2022 (PMID: 35147782): DB05829|Parathyroid hormone"
calcium,VDR,ENSG00000111424,drugs,"Forgetta et al., 2022 (PMID: 35147782): DB01436|Alfacalcidol"
calcium,VDR,ENSG00000111424,drugs,"Forgetta et al., 2022 (PMID: 35147782): DB00136|Calcitriol"
dbp,ACE,ENSG00000159640,drugs,"Forgetta et al., 2022 (PMID: 35147782): DB00178|Ramipril"
dbp,ADRB1,ENSG00000043591,drugs,"Forgetta et al., 2022 (PMID: 35147782): DB00335|atenolol"
dbp,AGTR1,ENSG00000144891,drugs,"Forgetta et al., 2022 (PMID: 35147782): DB13919|candesartan"
dbp,CACNA1C,ENSG00000285479,drugs,"Forgetta et al., 2022 (PMID: 35147782): DB00381|Amlodipine"
dbp,CACNA1C,ENSG00000151067,drugs,"Forgetta et al., 2022 (PMID: 35147782): DB00381|Amlodipine"
dbp,CACNA1C,ENSG00000285479,drugs,"Forgetta et al., 2022 (PMID: 35147782): DB00661|verapamil"
dbp,CACNA1C,ENSG00000151067,drugs,"Forgetta et al., 2022 (PMID: 35147782): DB00661|verapamil"
dbp,CACNA1D,ENSG00000157388,drugs,"Forgetta et al., 2022 (PMID: 35147782): DB00661|verapamil"
dbp,CACNA1F,ENSG00000102001,drugs,"Forgetta et al., 2022 (PMID: 35147782): DB00661|verapamil"
dbp,CACNA1I,ENSG00000100346,drugs,"Forgetta et al., 2022 (PMID: 35147782): DB00381|Amlodipine"
dbp,CACNA1S,ENSG00000081248,drugs,"Forgetta et al., 2022 (PMID: 35147782): DB00661|verapamil"
dbp,CACNB1,ENSG00000067191,drugs,"Forgetta et al., 2022 (PMID: 35147782): DB00661|verapamil"
dbp,CACNB2,ENSG00000165995,drugs,"Forgetta et al., 2022 (PMID: 35147782): DB00661|verapamil"
dbp,CACNB3,ENSG00000167535,drugs,"Forgetta et al., 2022 (PMID: 35147782): DB00661|verapamil"
dbp,CACNB4,ENSG00000182389,drugs,"Forgetta et al., 2022 (PMID: 35147782): DB00661|verapamil"
dbp,CACNG1,ENSG00000108878,drugs,"Forgetta et al., 2022 (PMID: 35147782): DB00381|Amlodipine"
dbp,KCNMA1,ENSG00000156113,drugs,"Forgetta et al., 2022 (PMID: 35147782): DB00999|hydrochlorothiazide"
dbp,SLC12A3,ENSG00000070915,drugs,"Forgetta et al., 2022 (PMID: 35147782): DB00999|hydrochlorothiazide"
ebmd,ESR1,ENSG00000091831,drugs,"Forgetta et al., 2022 (PMID: 35147782): DB00783|Estradiol"
ebmd,ESR1,ENSG00000091831,drugs,"Forgetta et al., 2022 (PMID: 35147782): DB00481|Raloxifene"
ebmd,ESR2,ENSG00000140009,drugs,"Forgetta et al., 2022 (PMID: 35147782): DB00783|Estradiol"
ebmd,ESR2,ENSG00000140009,drugs,"Forgetta et al., 2022 (PMID: 35147782): DB00481|Raloxifene"
ebmd,FDPS,ENSG00000160752,drugs,"Forgetta et al., 2022 (PMID: 35147782): DB00630|Alendronic acid"
ebmd,FDPS,ENSG00000160752,drugs,"Forgetta et al., 2022 (PMID: 35147782): DB00282|Pamidronic Acid"
ebmd,FDPS,ENSG00000160752,drugs,"Forgetta et al., 2022 (PMID: 35147782): DB00884|Risedronic acid"
ebmd,FDPS,ENSG00000160752,drugs,"Forgetta et al., 2022 (PMID: 35147782): DB00399|Zoledronic acid"
ebmd,GGPS1,ENSG00000152904,drugs,"Forgetta et al., 2022 (PMID: 35147782): DB00399|Zoledronic acid"
ebmd,PTH2R,ENSG00000144407,drugs,"Forgetta et al., 2022 (PMID: 35147782): DB05829|Parathyroid hormone"
ebmd,SOST,ENSG00000167941,drugs,"Forgetta et al., 2022 (PMID: 35147782): DB11866|Romosozumab"
ebmd,TNFSF11,ENSG00000120659,drugs,"Forgetta et al., 2022 (PMID: 35147782): DB06643|Denosumab"
ebmd,VDR,ENSG00000111424,drugs,"Forgetta et al., 2022 (PMID: 35147782): DB01436|Alfacalcidol"
ebmd,VDR,ENSG00000111424,drugs,"Forgetta et al., 2022 (PMID: 35147782): DB00136|Calcitriol"
glucose,ACE,ENSG00000159640,drugs,"Forgetta et al., 2022 (PMID: 35147782): DB00178|Ramipril"
glucose,ADRB1,ENSG00000043591,drugs,"Forgetta et al., 2022 (PMID: 35147782): DB00335|atenolol"
glucose,AGTR1,ENSG00000144891,drugs,"Forgetta et al., 2022 (PMID: 35147782): DB13919|candesartan"
glucose,CACNA1C,ENSG00000285479,drugs,"Forgetta et al., 2022 (PMID: 35147782): DB00381|Amlodipine"
glucose,CACNA1C,ENSG00000151067,drugs,"Forgetta et al., 2022 (PMID: 35147782): DB00381|Amlodipine"
glucose,CACNA1C,ENSG00000285479,drugs,"Forgetta et al., 2022 (PMID: 35147782): DB00661|verapamil"
glucose,CACNA1C,ENSG00000151067,drugs,"Forgetta et al., 2022 (PMID: 35147782): DB00661|verapamil"
glucose,CACNA1D,ENSG00000157388,drugs,"Forgetta et al., 2022 (PMID: 35147782): DB00661|verapamil"
glucose,CACNA1F,ENSG00000102001,drugs,"Forgetta et al., 2022 (PMID: 35147782): DB00661|verapamil"
glucose,CACNA1I,ENSG00000100346,drugs,"Forgetta et al., 2022 (PMID: 35147782): DB00381|Amlodipine"
glucose,CACNA1S,ENSG00000081248,drugs,"Forgetta et al., 2022 (PMID: 35147782): DB00661|verapamil"
glucose,CACNB1,ENSG00000067191,drugs,"Forgetta et al., 2022 (PMID: 35147782): DB00661|verapamil"
glucose,CACNB2,ENSG00000165995,drugs,"Forgetta et al., 2022 (PMID: 35147782): DB00661|verapamil"
glucose,CACNB3,ENSG00000167535,drugs,"Forgetta et al., 2022 (PMID: 35147782): DB00661|verapamil"
glucose,CACNB4,ENSG00000182389,drugs,"Forgetta et al., 2022 (PMID: 35147782): DB00661|verapamil"
glucose,CACNG1,ENSG00000108878,drugs,"Forgetta et al., 2022 (PMID: 35147782): DB00381|Amlodipine"
glucose,GCGR,ENSG00000288269,drugs,"Forgetta et al., 2022 (PMID: 35147782): DB00040|Glucagon"
glucose,GCGR,ENSG00000215644,drugs,"Forgetta et al., 2022 (PMID: 35147782): DB00040|Glucagon"
glucose,KCNMA1,ENSG00000156113,drugs,"Forgetta et al., 2022 (PMID: 35147782): DB00999|hydrochlorothiazide"
glucose,PRKAB1,ENSG00000111725,drugs,"Forgetta et al., 2022 (PMID: 35147782): DB00331|metformin"
glucose,SLC12A3,ENSG00000070915,drugs,"Forgetta et al., 2022 (PMID: 35147782): DB00999|hydrochlorothiazide"
height,GHR,ENSG00000112964,drugs,"Forgetta et al., 2022 (PMID: 35147782): DB00052|Somatotropin"
height,PRLR,ENSG00000113494,drugs,"Forgetta et al., 2022 (PMID: 35147782): DB00052|Somatotropin"
ldl,APOB,ENSG00000291544,drugs,"Forgetta et al., 2022 (PMID: 35147782): DB05528|mipomersen"
ldl,APOB,ENSG00000084674,drugs,"Forgetta et al., 2022 (PMID: 35147782): DB05528|mipomersen"
ldl,HMGCR,ENSG00000113161,drugs,"Forgetta et al., 2022 (PMID: 35147782): DB01076|atorvastatin"
ldl,NPC1L1,ENSG00000015520,drugs,"Forgetta et al., 2022 (PMID: 35147782): DB00973|ezetimibe"
ldl,PCSK9,ENSG00000169174,drugs,"Forgetta et al., 2022 (PMID: 35147782): DB09303|Evolocumab"
ldl,SOAT1,ENSG00000057252,drugs,"Forgetta et al., 2022 (PMID: 35147782): DB00973|ezetimibe"
rbc,EPOR,ENSG00000187266,drugs,"Forgetta et al., 2022 (PMID: 35147782): DB00016|Erythropoietin"
rbc,IFNAR1,ENSG00000142166,drugs,"Forgetta et al., 2022 (PMID: 35147782): DB05258|Interferon Alfa"
rbc,MTR,ENSG00000116984,drugs,"Forgetta et al., 2022 (PMID: 35147782): DB00115|Cyanocobalamin"
rbc,RRM1,ENSG00000167325,drugs,"Forgetta et al., 2022 (PMID: 35147782): DB01005|Hydroxyurea"
rbc,TFRC,ENSG00000072274,drugs,"Forgetta et al., 2022 (PMID: 35147782): DB01592|Iron"
sbp,ACE,ENSG00000159640,drugs,"Forgetta et al., 2022 (PMID: 35147782): DB00178|Ramipril"
sbp,ADRB1,ENSG00000043591,drugs,"Forgetta et al., 2022 (PMID: 35147782): DB00335|atenolol"
sbp,AGTR1,ENSG00000144891,drugs,"Forgetta et al., 2022 (PMID: 35147782): DB13919|candesartan"
sbp,CACNA1C,ENSG00000285479,drugs,"Forgetta et al., 2022 (PMID: 35147782): DB00381|Amlodipine"
sbp,CACNA1C,ENSG00000151067,drugs,"Forgetta et al., 2022 (PMID: 35147782): DB00381|Amlodipine"
sbp,CACNA1C,ENSG00000285479,drugs,"Forgetta et al., 2022 (PMID: 35147782): DB00661|verapamil"
sbp,CACNA1C,ENSG00000151067,drugs,"Forgetta et al., 2022 (PMID: 35147782): DB00661|verapamil"
sbp,CACNA1D,ENSG00000157388,drugs,"Forgetta et al., 2022 (PMID: 35147782): DB00661|verapamil"
sbp,CACNA1F,ENSG00000102001,drugs,"Forgetta et al., 2022 (PMID: 35147782): DB00661|verapamil"
sbp,CACNA1I,ENSG00000100346,drugs,"Forgetta et al., 2022 (PMID: 35147782): DB00381|Amlodipine"
sbp,CACNA1S,ENSG00000081248,drugs,"Forgetta et al., 2022 (PMID: 35147782): DB00661|verapamil"
sbp,CACNB1,ENSG00000067191,drugs,"Forgetta et al., 2022 (PMID: 35147782): DB00661|verapamil"
sbp,CACNB2,ENSG00000165995,drugs,"Forgetta et al., 2022 (PMID: 35147782): DB00661|verapamil"
sbp,CACNB3,ENSG00000167535,drugs,"Forgetta et al., 2022 (PMID: 35147782): DB00661|verapamil"
sbp,CACNB4,ENSG00000182389,drugs,"Forgetta et al., 2022 (PMID: 35147782): DB00661|verapamil"
sbp,CACNG1,ENSG00000108878,drugs,"Forgetta et al., 2022 (PMID: 35147782): DB00381|Amlodipine"
sbp,KCNMA1,ENSG00000156113,drugs,"Forgetta et al., 2022 (PMID: 35147782): DB00999|hydrochlorothiazide"
sbp,SLC12A3,ENSG00000070915,drugs,"Forgetta et al., 2022 (PMID: 35147782): DB00999|hydrochlorothiazide"
t2d,ABCC8,ENSG00000006071,drugs,"Forgetta et al., 2022 (PMID: 35147782): DB01016|glyburide"
t2d,DPP4,ENSG00000197635,drugs,"Forgetta et al., 2022 (PMID: 35147782): DB01261|sitagliptin"
t2d,GLP1R,ENSG00000112164,drugs,"Forgetta et al., 2022 (PMID: 35147782): DB06655|liraglutide"
t2d,INSR,ENSG00000171105,drugs,"Forgetta et al., 2022 (PMID: 35147782): DB01306|Insulin Aspart"
t2d,PPARG,ENSG00000132170,drugs,"Forgetta et al., 2022 (PMID: 35147782): DB01132|pioglitazone"
t2d,PRKAB1,ENSG00000111725,drugs,"Forgetta et al., 2022 (PMID: 35147782): DB00331|metformin"
t2d,SLC5A2,ENSG00000140675,drugs,"Forgetta et al., 2022 (PMID: 35147782): DB09038|empagliflozin"
tg,HCAR2,ENSG00000182782,drugs,"Forgetta et al., 2022 (PMID: 35147782): DB00627|Niacin"
tg,HCAR3,ENSG00000255398,drugs,"Forgetta et al., 2022 (PMID: 35147782): DB00627|Niacin"
tg,HMGCR,ENSG00000113161,drugs,"Forgetta et al., 2022 (PMID: 35147782): DB01076|atorvastatin"
tg,NNMT,ENSG00000166741,drugs,"Forgetta et al., 2022 (PMID: 35147782): DB00627|Niacin"
tg,PPARA,ENSG00000186951,drugs,"Forgetta et al., 2022 (PMID: 35147782): DB01241|gemfibrozil"
tg,QPRT,ENSG00000103485,drugs,"Forgetta et al., 2022 (PMID: 35147782): DB00627|Niacin"
dbilirubin,UGT1A8,ENSG00000242366,expert curated,OpenTarget_positive_control_genes
glucose,G6PC2,ENSG00000152254,expert curated,OpenTarget_positive_control_genes
t2d,PAX4,ENSG00000106331,functional observational,OpenTarget_positive_control_genes
t2d,HNF4A,ENSG00000101076,functional observational,OpenTarget_positive_control_genes
calcium,CYP24A1,ENSG00000019186,expert curated,OpenTarget_positive_control_genes
calcium,CASR,ENSG00000036828,expert curated,OpenTarget_positive_control_genes
ldl,PCSK9,ENSG00000169174,expert curated,OpenTarget_positive_control_genes
ldl,HP,ENSG00000257017,expert curated,OpenTarget_positive_control_genes
ldl,NPC1L1,ENSG00000015520,expert curated,OpenTarget_positive_control_genes
ldl,APOB,ENSG00000084674,expert curated,OpenTarget_positive_control_genes
ldl,APOH,ENSG00000091583,expert curated,OpenTarget_positive_control_genes
tg,MLXIPL,ENSG00000009950,expert curated,OpenTarget_positive_control_genes
t2d,ZMIZ1,ENSG00000108175,functional observational,OpenTarget_positive_control_genes
t2d,CAMK1D,ENSG00000183049,functional observational,OpenTarget_positive_control_genes
t2d,NEUROG3,ENSG00000122859,functional observational,OpenTarget_positive_control_genes
dbilirubin,UGT1A1,ENSG00000241635,expert curated,OpenTarget_positive_control_genes
t2d,IGF2,ENSG00000167244,functional observational,OpenTarget_positive_control_genes
ebmd,TNFRSF11A,ENSG00000141655,expert curated,OpenTarget_positive_control_genes
ebmd,WNT16,ENSG00000002745,expert curated,OpenTarget_positive_control_genes
ldl,LDLR,ENSG00000130164,expert curated,OpenTarget_positive_control_genes
t2d,MTNR1B,ENSG00000134640,functional observational,OpenTarget_positive_control_genes
t2d,WFS1,ENSG00000109501,functional observational,OpenTarget_positive_control_genes
t2d,RREB1,ENSG00000124782,functional observational,OpenTarget_positive_control_genes
t2d,KLHL42,ENSG00000087448,functional observational,OpenTarget_positive_control_genes
t2d,SLC30A8,ENSG00000164756,functional observational,OpenTarget_positive_control_genes
t2d,DGKB,ENSG00000136267,functional observational,OpenTarget_positive_control_genes
t2d,GLIS3,ENSG00000107249,functional observational,OpenTarget_positive_control_genes
t2d,PPARG,ENSG00000132170,drug,OpenTarget_positive_control_genes
t2d,PAM,ENSG00000145730,functional observational,OpenTarget_positive_control_genes
t2d,GCK,ENSG00000106633,functional observational,OpenTarget_positive_control_genes
t2d,MNX1,ENSG00000130675,functional observational,OpenTarget_positive_control_genes
t2d,ACE,ENSG00000159640,drug,OpenTarget_positive_control_genes
t2d,CCND2,ENSG00000118971,functional observational,OpenTarget_positive_control_genes
t2d,TCF7L2,ENSG00000148737,functional observational,OpenTarget_positive_control_genes
t2d,ANKH,ENSG00000154122,functional observational,OpenTarget_positive_control_genes
t2d,HNF1A,ENSG00000135100,functional observational,OpenTarget_positive_control_genes
t2d,ABCB9,ENSG00000150967,functional observational,OpenTarget_positive_control_genes
t2d,STARD10,ENSG00000214530,functional observational,OpenTarget_positive_control_genes
t2d,BCAR1,ENSG00000050820,functional observational,OpenTarget_positive_control_genes
t2d,SLC2A2,ENSG00000163581,functional observational,OpenTarget_positive_control_genes
ebmd,FAM210A,ENSG00000177150,expert curated,OpenTarget_positive_control_genes
t2d,LPL,ENSG00000175445,functional observational,OpenTarget_positive_control_genes
t2d,POC5,ENSG00000152359,functional observational,OpenTarget_positive_control_genes
t2d,GCKR,ENSG00000084734,functional observational,OpenTarget_positive_control_genes
t2d,KCNJ11,ENSG00000187486,functional observational,OpenTarget_positive_control_genes
t2d,TM6SF2,ENSG00000213996,functional observational,OpenTarget_positive_control_genes
t2d,GLP1R,ENSG00000112164,drug,OpenTarget_positive_control_genes
t2d,C2CD4B,ENSG00000205502,functional observational,OpenTarget_positive_control_genes
t2d,WSCD2,ENSG00000075035,functional observational,OpenTarget_positive_control_genes
t2d,GIPR,ENSG00000010310,functional observational,OpenTarget_positive_control_genes
t2d,SLC16A11,ENSG00000174326,functional observational,OpenTarget_positive_control_genes
lowtsh,FOXE1,ENSG00000178919,HDO/OMIM,"Forgetta et al., 2022 (PMID: 35147782): Morris"
lowtsh,NKX2-5,ENSG00000183072,HDO/OMIM,"Forgetta et al., 2022 (PMID: 35147782): Morris"
lowtsh,PAX8,ENSG00000125618,HDO/OMIM,"Forgetta et al., 2022 (PMID: 35147782): Morris"
lowtsh,THRA,ENSG00000126351,HDO/OMIM,"Forgetta et al., 2022 (PMID: 35147782): Morris"
lowtsh,THRB,ENSG00000151090,HDO/OMIM,"Forgetta et al., 2022 (PMID: 35147782): Morris"
lowtsh,TSHB,ENSG00000134200,HDO/OMIM,"Forgetta et al., 2022 (PMID: 35147782): Morris"
lowtsh,TSHR,ENSG00000165409,HDO/OMIM,"Forgetta et al., 2022 (PMID: 35147782): Morris"
lowtsh,ITGAV,ENSG00000138448,DB00451|Levothyroxine,"Forgetta et al., 2022 (PMID: 35147782): Morris"
lowtsh,ITGB3,ENSG00000259207,DB00451|Levothyroxine,"Forgetta et al., 2022 (PMID: 35147782): Morris"
lowtsh,THRA,ENSG00000126351,DB00451|Levothyroxine,"Forgetta et al., 2022 (PMID: 35147782): Morris"
lowtsh,THRA,ENSG00000126351,DB00279|Liothyronine,"Forgetta et al., 2022 (PMID: 35147782): Morris"
lowtsh,THRB,ENSG00000151090,DB00451|Levothyroxine,"Forgetta et al., 2022 (PMID: 35147782): Morris"
lowtsh,THRB,ENSG00000151090,DB00279|Liothyronine,"Forgetta et al., 2022 (PMID: 35147782): Morris"

